,reading,math,graduation,Median Household Income,Median Rent,Median Home Value,Student_Number,Free_or_Reduced_Lunch,safe,happy,Student_Teacher_Ratio
A. Hamilton Preparatory Academy,69%,26%,96%,"45,186
","1,110
","268,700
",983,82%,88%,72%,14:01
A. Philip Randolph Campus High School,95%,94%,75%,"46,449
","1,126
","348,669
","1,385",83%,70%,73%,17:01
Abraham Lincoln High School,89%,91%,67%,"38,620
","1,081
","309,222
","1,979",78%,66%,59%,16:01
Academy Charter High School,8%,12%,85%,"74,861
","1,368
","408,500
",176,87%,--,--,10:01
Academy for Allied Health Science,99%,92%,95%,"117,765
","1,481
","481,500
",291,11%,91%,82%,16:01
Academy for Careers in Television & Film,95%,95%,95%,"70,989
","1,584
","468,371
",544,59%,94%,82%,15:01
Academy for Conservation & the Environment,90%,85%,82%,"64,845
","1,371
","447,003
",264,80%,--,--,13:01
Academy for Information Technology,96%,92%,95%,"117,765
","1,481
","481,500
",287,11%,100%,94%,11:01
Academy for Language & Technology,95%,95%,92%,"25,003
","991
","45,338
",316,98%,--,--,14:01
Academy for Law & Public Safety,65%,35%,_,"96,474
","1,225
","344,700
",31,0%,--,--,31:01:00
Academy for Performing Arts,95%,77%,90%,"117,765
","1,481
","481,500
",209,11%,100%,100%,15:01
Academy for Software Engineering,95%,95%,92%,"115,095
","2,222
","688,305
",450,73%,--,--,13:01
Academy for Young Writers,56%,40%,87%,"34,801
","1,087
","312,088
",549,82%,--,--,12:01
Academy of Allied Health & Science,95%,92%,95%,"67,836
","1,225
","294,500
",300,4%,100%,86%,12:01
Academy of American Studies,98%,96%,92%,"70,989
","1,584
","468,371
",994,70%,88%,72%,24:01:00
Academy of Finance & Enterprise,95%,95%,92%,"70,989
","1,584
","468,371
",558,82%,100%,89%,20:01
Academy of Innovative Technology High School,92%,87%,77%,"46,306
","1,365
","456,985
",398,83%,--,--,10:01
Academy of Law & Public Safety,35%,10%,90%,"54,398
","1,239
","337,000
",85,18%,--,--,13:01
Academy of Urban Planning,85%,85%,72%,"47,307
","1,377
","364,192
",188,97%,--,--,10:01
Achievement First - Bushwick School,90%,90%,90%,"47,307
","1,377
","364,192
","1,063",84%,--,--,14:01
Achievement First - Crown Heights School,90%,90%,90%,"45,374
","1,249
","500,277
","1,022",72%,100%,80%,10:01
Achievement First - East New York School,34%,50%,_,"34,801
","1,087
","312,088
",837,81%,--,--,10:01
Achievement First - Endeavor School,90%,90%,48%,"76,164
","1,635
","731,990
","1,051",74%,--,--,16:01
Achievement First Bridgeport Academy,50%,45%,85%,"44,841
","1,142
","170,300
","1,044",73%,--,--,17:01
Achievement First Voyager Charter School,_,_,_,"45,374
","1,249
","500,277
",413,76%,--,--,59:01:00
Aerospace/Hydrospace Engineering & Physical Sciences at the Fairchild Wheeler Campus,67%,47%,87%,"44,841
","1,142
","170,300
",499,25%,--,--,16:01
Alexander Hamilton High School,62%,72%,90%,"86,066
","1,694
","420,400
",450,38%,--,--,12:01
Alfred E. Smith Career & Technical High School,87%,77%,72%,"27,069
","844
","141,216
",442,90%,--,--,13:01
All City Leadership Secondary School,,,,,,,409,88%,,,24:01:00
American History High School,38%,8%,92%,"23,423
","777
","94,397
",433,77%,--,--,12:01
Amityville Memorial High School,85%,85%,82%,"98,268
","1,553
","382,200
",741,73%,60%,70%,12:01
Antonia Pantoja Preparatory Academy,43%,28%,57%,"39,930
","1,035
","254,019
",409,69%,--,--,13:01
Applied Technology High School,75%,55%,_,"105,114
","1,865
","574,600
",59,20%,--,--,29:01:00
Ardsley High School,95%,95%,95%,"130,586
","1,313
","620,200
",620,9%,100%,91%,11:01
Art & Design High School,95%,95%,82%,"123,307
","2,420
","878,421
","1,432",66%,86%,70%,17:01
Arthur L. Johnson High School,38%,14%,95%,"100,192
","1,377
","418,400
",725,7%,100%,100%,11:01
Arts High School,43%,17%,92%,"67,292
","1,231
","277,700
",703,80%,82%,68%,12:01
Astor Collegiate Academy,92%,87%,72%,"40,158
","1,174
","220,368
",479,81%,73%,91%,18:01
Aviation Career & Technical High School,99%,99%,89%,"59,979
","1,504
","350,790
","2,100",47%,90%,82%,19:01
Babylon Junior/Senior High School,77%,83%,95%,"86,339
","1,603
","343,700
",777,12%,50%,33%,10:01
Baccalaureate School for Global Education,99%,99%,95%,"70,989
","1,584
","468,371
",515,42%,100%,78%,18:01
Baldwin Senior High School,97%,95%,94%,"105,744
","1,663
","460,700
","1,534",22%,69%,67%,12:01
Barack Obama Academy for Academic & Civic Development (BOAACD),10%,10%,55%,"56,425
","1,170
","236,400
",85,45%,--,--,12:01
Bard Early College High School,61%,22%,87%,"23,423
","777
","94,397
",305,70%,50%,71%,14:01
Bard High School Early College,95%,95%,95%,"40,275
","965
","174,255
",549,45%,93%,70%,18:01
Bard High School Early College Queens,95%,95%,95%,"70,989
","1,584
","468,371
",598,42%,91%,81%,18:01
Baruch College Campus High School,95%,95%,95%,"150,805
","2,605
","1,376,782
",440,43%,90%,62%,17:01
Bay Shore Senior High School,97%,94%,90%,"80,123
","1,477
","323,000
","1,938",45%,95%,86%,15:01
Bayonne High School,54%,21%,90%,"56,701
","1,187
","314,800
","2,505",63%,54%,31%,12:01
Bayport-Blue Point High School,95%,95%,99%,"93,125
","1,651
","429,500
",753,10%,100%,83%,12:01
Bayside High School,98%,98%,95%,"62,008
","1,456
","481,300
","3,178",75%,73%,68%,20:01
Bedford Academy High School,95%,95%,95%,"46,216
","1,269
","576,223
",364,75%,79%,66%,19:01
Bedford Stuyvesant Preparatory High School,65%,85%,35%,"46,216
","1,269
","576,223
",98,79%,--,--,9:01
Belleville High School,30%,11%,85%,"67,292
","1,231
","277,700
","1,353",58%,65%,58%,12:01
Bellport Senior High School,92%,91%,84%,"89,594
","1,670
","332,200
","1,323",56%,47%,47%,12:01
Belmont Preparatory High School,95%,95%,82%,"25,309
","1,082
","117,055
",410,88%,--,--,14:01
Benjamin Banneker Academy,97%,93%,97%,"76,164
","1,635
","731,990
",869,70%,83%,70%,20:01
Benjamin N. Cardozo High School,96%,97%,90%,"77,412
","1,401
","613,104
","3,740",49%,58%,64%,23:01
Bergen Arts & Sciences Charter School,60%,51%,92%,"54,063
","1,279
","329,100
","1,126",46%,60%,60%,14:01
Bergen County Academies,,,,,,,"1,069",5%,90%,75%,11:01
Bergen County Technical High School - Teterboro,92%,90%,95%,"91,572
","1,419
","451,200
",677,9%,96%,83%,10:01
Bergenfield High School,59%,26%,97%,"90,962
","1,316
","344,500
","1,165",38%,96%,88%,12:01
Bernards High School,59%,45%,97%,"150,635
","1,721
","704,200
",831,11%,95%,60%,12:01
Bethpage Senior High School,98%,99%,99%,"114,364
","1,816
","432,700
",954,18%,96%,88%,13:01
Biotechnology High School,96%,95%,95%,"118,542
","1,515
","446,500
",330,2%,100%,83%,14:01
Biotechnology Research & Zoological Sciences at the Fairchild Wheeler Campus,52%,22%,92%,"44,841
","1,142
","170,300
",491,71%,--,--,17:01
Blind Brook High School,95%,95%,95%,"131,818
","1,669
","746,800
",501,1%,--,--,17:01
Bloomfield High School,38%,21%,91%,"74,961
","1,300
","316,800
","1,918",48%,86%,69%,12:01
Bloomfield Technical School,64%,21%,95%,"74,961
","1,300
","316,800
",483,79%,100%,63%,12:01
Boerum School for International Studies,43%,46%,67%,"131,399
","2,285
","1,210,488
",552,65%,--,--,14:01
Bogota Junior/Senior High School,65%,36%,92%,"79,356
","1,302
","316,100
",498,48%,77%,62%,13:01
Boonton High School,45%,25%,95%,"91,055
","1,317
","367,700
",601,27%,73%,27%,11:01
Bound Brook High School,35%,11%,82%,"65,199
","1,273
","270,900
",603,62%,80%,30%,14:01
Brentwood High School,93%,94%,78%,"74,127
","1,348
","285,500
","4,734",72%,67%,75%,19:01
Brewster High School,96%,94%,92%,"95,222
","1,330
","344,700
","1,051",24%,83%,61%,14:01
Briarcliff High School,95%,95%,95%,"111,023
","1,482
","629,000
",581,9%,86%,43%,13:01
Brick Township High School,42%,23%,90%,"73,051
","1,330
","279,400
","1,291",31%,80%,45%,11:01
Brick Township Memorial High School,45%,28%,92%,"101,983
","1,223
","460,900
","1,518",23%,63%,63%,13:01
Bridgewater-Raritan High School,74%,51%,95%,"122,684
","1,654
","471,900
","2,909",10%,77%,75%,13:01
Brien McMahon High School,51%,26%,94%,"81,546
","1,562
","421,900
","1,481",55%,76%,74%,12:01
Bronx Academy for Software Engineering (Base),92%,87%,_,"25,309
","1,082
","117,055
",423,60%,--,--,14:01
Bronx Academy of Health Careers,87%,82%,77%,"44,345
","1,334
","279,027
",411,70%,71%,71%,15:01
Bronx Aerospace High School,82%,72%,72%,"44,345
","1,334
","279,027
",349,64%,--,--,15:01
Bronx Arena High School,85%,75%,12%,"31,222
","1,026
","215,378
",153,88%,--,--,11:01
Bronx Bridges High School,55%,72%,52%,"39,930
","1,035
","254,019
",316,63%,--,--,11:01
Bronx Center for Science & Mathematics,95%,92%,92%,"26,673
","904
","61,624
",454,87%,83%,67%,16:01
Bronx Collegiate Academy,87%,87%,57%,"26,673
","904
","61,624
",400,72%,--,--,16:01
Bronx Community High School,75%,75%,12%,"39,930
","1,035
","254,019
",151,72%,--,--,11:01
Bronx Compass High School,82%,72%,67%,"39,930
","1,035
","254,019
",450,67%,--,--,14:01
Bronx Early College Academy for Teaching & Learning,38%,28%,92%,"26,529
","1,027
","95,938
",545,84%,--,--,16:01
Bronx Envision Academy,87%,67%,67%,"27,085
","982
","290,917
",382,86%,--,--,12:01
Bronx Guild High School,75%,65%,67%,"39,930
","1,035
","254,019
",285,71%,--,--,16:01
Bronx Health Sciences High School,90%,90%,92%,"49,271
","982
","18,193
",318,77%,100%,71%,17:01
Bronx High School for Law & Community Service,95%,87%,77%,"25,309
","1,082
","117,055
",415,87%,--,--,15:01
Bronx High School for Medical Science,,,,"36,593
","1,133
","371,800
",407,72%,67%,56%,15:01
Bronx High School of Business,85%,90%,52%,"26,673
","904
","61,624
",291,64%,--,--,12:01
Bronx High School of Science,99%,99%,99%,"45,313
","1,248
","105,309
","2,977",43%,87%,72%,22:01
Bronx International High School,72%,62%,72%,"25,978
","913
","123,584
",378,91%,--,--,13:01
Bronx Latin School,43%,45%,92%,"25,978
","913
","123,584
",562,96%,43%,43%,13:01
Bronx Leadership Academy II High School,82%,92%,82%,"26,529
","1,027
","95,938
",491,92%,57%,57%,14:01
Bronx Lighthouse Charter School,90%,90%,55%,"25,978
","913
","123,584
",670,80%,80%,80%,13:01
Bronx Preparatory Charter School,95%,92%,87%,"26,673
","904
","61,624
",713,80%,80%,60%,14:01
Bronx River High School,87%,87%,_,"57,034
","1,412
","394,418
",401,71%,--,--,14:01
Bronx Theatre High School,87%,92%,72%,"36,431
","999
","193,896
",381,87%,40%,40%,16:01
Bronxdale High School,87%,72%,77%,"40,158
","1,174
","220,368
",437,79%,--,--,15:01
Bronxville High School,95%,95%,95%,"205,781
","2,745
","1,077,200
",487,0%,100%,80%,15:01
Brooklyn Academy High School,85%,75%,17%,"46,216
","1,269
","576,223
",106,92%,--,--,9:01
Brooklyn College Academy,95%,95%,95%,"103,049
","1,854
","848,207
",616,70%,88%,78%,20:01
Brooklyn Community Arts & Media High School (BCAM),92%,87%,67%,"46,216
","1,269
","576,223
",403,83%,88%,75%,15:01
Brooklyn Frontiers High School,85%,65%,25%,"121,566
","2,144
","1,251,149
",168,90%,--,--,6:01
Brooklyn Generation School,90%,90%,67%,"64,845
","1,371
","447,003
",224,73%,100%,100%,10:01
Brooklyn High School of the Arts,95%,92%,88%,"121,566
","2,144
","1,251,149
",864,75%,83%,72%,16:01
Brooklyn Institute for Liberal Arts,95%,87%,92%,"52,062
","1,277
","457,472
",353,89%,--,--,14:01
Brooklyn International High School at Waters Edge,82%,_,82%,"122,549
","2,666
","813,641
",352,44%,--,--,14:01
Brooklyn Lab School,72%,62%,62%,"46,306
","1,365
","456,985
",310,85%,83%,50%,14:01
Brooklyn Preparatory High School,95%,87%,92%,"56,342
","1,522
","492,757
",529,83%,67%,17%,16:01
Brooklyn Prospect Charter School,95%,95%,87%,"103,049
","1,854
","848,207
",998,38%,--,--,12:01
Brooklyn Secondary School for Collaborative Studies,62%,22%,92%,"131,399
","2,285
","1,210,488
",670,70%,80%,40%,11:01
Brooklyn Studio Secondary School,66%,55%,82%,"51,401
","1,323
","718,508
",907,75%,93%,79%,16:01
Brooklyn Technical High School,99%,99%,98%,"63,805
","1,486
","576,631
","5,664",61%,85%,71%,24:01:00
Brooklyn Theatre Arts High School,95%,95%,67%,"64,845
","1,371
","447,003
",366,79%,--,--,20:01
Broome Street Academy Charter High School,87%,82%,72%,"136,705
","2,222
","1,317,210
",318,65%,--,--,9:01
Bunnell High School,61%,34%,94%,"72,757
","1,224
","250,700
","1,019",40%,70%,57%,13:01
Bushwick School for Social Justice,82%,72%,72%,"47,307
","1,377
","364,192
",376,64%,--,--,12:01
Business Technology Early College High School,_,_,_,"81,814
","934
","466,084
",321,65%,--,--,15:01
Business of Sports School,95%,82%,77%,"90,860
","2,060
","574,324
",449,64%,67%,67%,14:01
Butler High School,55%,30%,92%,"96,474
","1,225
","344,700
",529,21%,71%,71%,12:01
Byram Hills High School,99%,99%,99%,"180,859
","2,034
","927,200
",816,3%,100%,50%,10:01
Cambria Heights Academy,92%,82%,77%,"61,745
","1,287
","465,090
",348,72%,--,--,13:01
Carle Place Middle Senior High School,82%,83%,95%,"89,409
","1,725
","486,000
",646,19%,64%,55%,9:01
Carteret High School,44%,18%,82%,"73,892
","1,443
","267,500
","1,016",67%,72%,44%,12:01
Cascades High School,85%,77%,32%,"40,275
","965
","174,255
",215,76%,--,--,16:01
Cedar Grove High School,62%,28%,95%,"115,926
","1,402
","451,500
",508,2%,100%,93%,12:01
Center Moriches High School,95%,95%,92%,"98,931
","1,559
","385,300
",569,27%,83%,83%,18:01
Centereach High School,97%,98%,93%,"98,025
","1,891
","335,400
","1,524",33%,92%,85%,14:01
Central High School,41%,18%,74%,"44,841
","1,142
","170,300
","1,515",42%,64%,63%,15:01
Central Islip Senior High School,94%,91%,88%,"67,804
","1,553
","254,900
","2,145",76%,57%,70%,16:01
Central Jersey College Prep Charter School,83%,59%,90%,"73,750
","2,641
","417,200
",476,24%,60%,50%,10:01
Central Park East High School,95%,95%,92%,"37,900
","956
","222,811
",485,85%,96%,88%,16:01
Central Regional High School,33%,25%,87%,"48,054
","1,335
","179,300
","1,259",37%,86%,86%,12:01
Channel View School for Research,46%,39%,95%,"59,688
","1,241
","338,752
",802,75%,63%,50%,15:01
Chatham High School,82%,55%,99%,"176,364
","1,955
","892,000
","1,240",2%,85%,65%,12:01
Chelsea Career & Technical Education High School,95%,95%,82%,"136,705
","2,222
","1,317,210
",425,89%,43%,43%,14:01
Cicely L. Tyson Community School of Performing & Fine Arts - Secondary School,56%,23%,95%,"41,819
","1,046
","205,100
",703,56%,71%,71%,9:01
City College Academy of the Arts,59%,55%,95%,"49,957
","1,275
","83,824
",599,77%,75%,75%,18:01
City Polytechnic High School,90%,90%,82%,"122,549
","2,666
","813,641
",432,77%,--,--,18:01
Civic Leadership Academy,95%,95%,92%,"51,226
","1,489
","477,283
",501,80%,83%,83%,16:01
Clark Academy,_,_,_,"126,988
","1,875
","617,700
",75,92%,--,--,3:01
Clarkstown North Senior High School,99%,99%,98%,"124,765
","1,366
","472,800
","1,337",10%,84%,63%,13:01
Clarkstown South Senior High School,99%,99%,98%,"112,554
","539
","542,800
","1,386",8%,100%,84%,14:01
Cliffside Park High School,38%,14%,82%,"67,799
","1,332
","432,200
","1,110",58%,82%,73%,12:01
Clifton High School,39%,15%,87%,"74,963
","1,353
","331,800
","2,887",55%,65%,73%,14:01
Cold Spring Harbor High School,82%,86%,95%,"173,088
","2,889
","763,900
",953,1%,--,--,11:01
College of Staten Island (CSI) High School for International Studies,95%,95%,95%,"79,174
","1,616
","426,201
",492,46%,93%,80%,16:01
Collegiate Institute for Math & Science,95%,95%,82%,"40,158
","1,174
","220,368
",624,69%,67%,72%,18:01
Colonia High School,33%,18%,94%,"102,979
","1,380
","351,200
","1,330",33%,88%,63%,11:01
Colts Neck High School,47%,35%,93%,"167,480
","1,703
","758,400
","1,380",10%,89%,74%,14:01
Columbia High School,58%,41%,90%,"126,000
","1,485
","484,800
","1,914",22%,63%,65%,14:01
Columbia Secondary School,91%,91%,95%,"65,379
","1,473
","476,274
",687,55%,87%,60%,17:01
Commack High School,99%,98%,98%,"124,461
","1,683
","471,300
","2,254",10%,94%,84%,14:01
Communications High School,94%,92%,95%,"74,861
","1,368
","408,500
",312,1%,92%,85%,11:01
Community Health Academy of the Heights,42%,29%,77%,"46,179
","1,244
","93,654
",659,93%,100%,100%,14:01
Comprehensive Model School Project - M.S. 327,50%,58%,87%,"25,530
","1,087
","17,391
",712,87%,--,--,15:01
Comsewogue High School,97%,96%,87%,"101,840
","2,144
","352,000
","1,238",25%,94%,89%,18:01
Concord High School,75%,65%,22%,"39,746
","622
","402,414
",169,64%,--,--,14:01
Coney Island Preparatory Public Charter School,95%,95%,_,"38,620
","1,081
","309,222
",929,81%,--,--,9:01
Connetquot High School,98%,95%,96%,"85,927
","1,693
","384,900
","2,004",21%,95%,90%,13:01
County Prep High School,74%,33%,95%,"35,319
","1,106
","250,242
",838,47%,78%,78%,9:01
Cranford High School,75%,38%,95%,"122,848
","1,566
","463,800
","1,177",3%,88%,76%,12:01
Cresskill High School,59%,31%,95%,"136,250
","2,151
","595,200
",537,3%,100%,83%,10:01
Croton-Harmon High School,95%,95%,95%,"124,708
","1,597
","507,600
",524,0%,93%,79%,12:01
Crotona Academy High School,65%,90%,15%,"36,593
","1,133
","371,800
",128,77%,--,--,12:01
Curtis High School,93%,87%,74%,"76,244
","1,229
","460,200
","2,548",74%,64%,83%,19:01
Cypress Hills Collegiate Preparatory School,90%,85%,77%,"46,306
","1,365
","456,985
",206,93%,--,--,12:01
Darien High School,95%,86%,98%,"208,848
","2,790
","1,398,600
","1,354",2%,100%,86%,11:01
David Brearley Middle/High School,25%,13%,92%,"108,281
","1,421
","347,500
",729,29%,91%,82%,12:01
Deer Park High School,96%,98%,92%,"112,790
","1,767
","520,600
","1,340",42%,89%,100%,13:01
Democracy Prep Charter High School,95%,95%,87%,"46,449
","1,126
","348,669
",705,77%,77%,54%,16:01
Democracy Prep Harlem Middle School,95%,95%,9%,"46,449
","1,126
","348,669
",895,80%,--,--,11:01
Discovery High School,95%,95%,77%,"45,313
","1,248
","105,309
",460,84%,80%,80%,17:01
Division Avenue Senior High School,96%,95%,91%,"108,179
","1,944
","367,700
",964,14%,87%,83%,9:01
Dobbs Ferry High School,95%,95%,95%,"126,988
","1,875
","617,700
",447,17%,100%,100%,14:01
Dover High School,44%,23%,88%,"65,538
","1,326
","262,800
",905,75%,88%,88%,12:01
Dr. Richard Izquierdo Health & Science Charter School,95%,95%,_,"25,978
","913
","123,584
",741,95%,71%,57%,11:01
Dr. Ronald E. McNair Academic High School,98%,89%,95%,"97,293
","1,638
","518,292
",685,55%,90%,87%,12:01
Dreamyard Preparatory School,85%,77%,57%,"26,673
","904
","61,624
",282,71%,100%,100%,13:01
Dumont High School,64%,47%,97%,"94,617
","1,201
","364,500
",788,9%,91%,55%,12:01
Dunellen High School,50%,18%,92%,"78,447
","1,242
","279,800
",355,45%,--,--,12:01
Dwight Morrow High School/Academies at Englewood,55%,18%,87%,"80,670
","1,431
","374,200
","1,069",45%,50%,41%,11:01
Eagle Academy for Young Men,30%,40%,82%,"25,884
","999
","165,937
",521,80%,88%,88%,14:01
Earl L. Vandermeulen High School,95%,95%,95%,"99,258
","1,581
","514,200
",363,7%,80%,50%,13:01
East Brunswick High School,46%,22%,97%,"105,959
","1,429
","383,200
","2,049",15%,85%,63%,13:01
East Islip High School,99%,98%,96%,"108,438
","1,100
","351,300
","1,242",24%,70%,56%,14:01
East Meadow High School,99%,99%,97%,"94,513
","1,921
","414,200
","1,530",23%,91%,77%,12:01
East New York Family Academy,51%,43%,90%,"34,801
","1,087
","312,088
",502,77%,--,--,13:01
East Orange STEM Academy,67%,29%,95%,"41,819
","1,046
","205,100
",630,61%,50%,50%,13:01
East Rockaway Junior/Senior High School,72%,77%,92%,"95,954
","1,946
","444,700
",520,30%,89%,44%,10:01
East Side Community School,62%,40%,82%,"71,478
","1,592
","400,506
",695,68%,100%,100%,16:01
East Side High School,15%,7%,77%,"45,022
","1,104
","219,707
","1,997",65%,50%,72%,16:01
East-West School of International Studies,72%,82%,95%,"48,405
","1,289
","500,047
",680,82%,80%,75%,12:01
Eastchester Senior High School,99%,98%,95%,"116,014
","1,788
","606,400
",899,2%,100%,57%,13:01
Eastport-South Manor Junior/Senior High School,82%,86%,96%,"104,643
","1,585
","409,400
","1,838",17%,90%,70%,14:01
Edgemont Junior/Senior High School,80%,84%,95%,"212,042
","1,744
","905,200
",932,0%,100%,43%,13:01
Edison High School,51%,21%,93%,"95,622
","1,438
","373,000
","1,932",35%,68%,64%,12:01
Edward R. Murrow High School,94%,91%,82%,"55,161
","1,260
","701,277
","3,776",70%,77%,73%,19:01
Eleanor Roosevelt High School,95%,95%,95%,"126,366
","2,116
","932,906
",544,21%,83%,67%,16:01
Elizabeth High School,72%,39%,99%,"45,186
","1,110
","268,700
",979,73%,86%,66%,17:01
Elmont Memorial High School,68%,64%,95%,"105,744
","1,663
","460,700
","1,679",46%,78%,78%,15:01
Emerson Junior/Senior High School,67%,46%,95%,"111,536
","1,854
","465,600
",529,7%,86%,57%,11:01
Emma Lazarus High School,90%,90%,65%,"58,451
","1,335
","270,306
",275,95%,--,--,17:01
Energy Tech High School,95%,92%,_,"70,989
","1,584
","468,371
",433,77%,--,--,12:01
Epic High School North,_,_,_,"60,426
","1,556
","589,453
",284,74%,--,--,18:01
Essex Street Academy,95%,_,82%,"40,275
","965
","174,255
",338,73%,--,--,13:01
Excelsior Preparatory,87%,95%,77%,"76,055
","1,429
","410,838
",475,79%,62%,46%,18:01
Eximius College Preparatory Academy,92%,87%,82%,"26,673
","904
","61,624
",432,82%,92%,92%,15:01
Expeditionary Learning School for Community Leaders,92%,85%,92%,"49,677
","1,244
","600,617
",314,81%,--,--,14:01
Explorations Academy,85%,85%,67%,"27,085
","982
","290,917
",339,93%,--,--,13:01
FDNY High School for Fire & Life Safety,85%,90%,85%,"34,801
","1,087
","312,088
",329,80%,--,--,17:01
Fair Lawn High School,72%,47%,97%,"109,747
","1,602
","406,400
","1,392",14%,93%,78%,12:01
Fairfield Ludlowe High School,87%,64%,99%,"127,746
","1,841
","597,900
","1,495",7%,100%,92%,12:01
Fairfield Warde High School,86%,63%,98%,"127,746
","1,841
","597,900
","1,498",15%,78%,70%,12:01
Fannie Lou Hamer Freedom School,87%,55%,67%,"27,085
","982
","290,917
",477,71%,73%,73%,16:01
Farmingdale Senior High School,96%,94%,93%,"113,224
","2,125
","388,700
","1,920",27%,80%,70%,15:01
Fiorello H. Laguardia High School Of Music & Art & Performing Arts,99%,99%,98%,"112,564
","1,857
","875,143
","2,701",29%,83%,77%,20:01
Floral Park Memorial High School,75%,77%,98%,"105,744
","1,663
","460,700
","1,430",19%,79%,68%,16:01
Flushing High School,86%,84%,63%,"48,405
","1,289
","500,047
","1,722",69%,65%,47%,17:01
Flushing International High School,77%,92%,72%,"48,405
","1,289
","500,047
",434,91%,80%,60%,15:01
Food & Finance High School,95%,87%,87%,"90,860
","2,060
","574,324
",402,79%,100%,89%,17:01
Fordham High School for the Arts,95%,95%,95%,"25,309
","1,082
","117,055
",374,89%,92%,77%,15:01
Fordham Leadership Academy,75%,65%,67%,"87,550
","1,687
","526,100
",334,86%,--,--,11:01
Forest Hills High School,97%,96%,89%,"75,599
","1,646
","430,627
","3,891",66%,89%,73%,20:01
Fort Hamilton High School,90%,91%,77%,"68,113
","1,411
","710,954
","4,443",69%,87%,81%,20:01
Fort Lee High School,72%,36%,97%,"76,578
","1,665
","332,500
",953,27%,71%,57%,13:01
Fox Lane High School,97%,97%,90%,"121,797
","1,585
","733,300
","1,380",18%,86%,64%,13:01
Frances Perkins Academy,85%,85%,75%,"85,838
","1,984
","638,292
",108,80%,--,--,9:01
Francis Lewis High School,96%,98%,88%,"78,055
","1,316
","573,106
","4,361",75%,88%,84%,20:01
Frank McCourt High School,95%,92%,92%,"112,564
","1,857
","875,143
",400,53%,83%,67%,17:01
Frank Sinatra School of the Arts High School,99%,97%,95%,"63,904
","1,570
","495,723
",853,41%,90%,77%,18:01
Franklin D. Roosevelt High School,88%,94%,62%,"41,251
","1,356
","772,948
","3,068",78%,83%,79%,17:01
Franklin High School,46%,25%,85%,"137,473
","479
","475,500
","2,121",47%,60%,65%,12:01
Frederick Douglass Academy,59%,54%,74%,"46,449
","1,126
","348,669
","1,421",72%,63%,56%,18:01
Freehold Borough High School,49%,31%,94%,"57,717
","1,408
","290,900
","1,362",26%,80%,77%,12:01
Freehold Township High School,41%,33%,93%,"91,807
","1,315
","396,200
","2,013",10%,91%,79%,15:01
Freeport High School,89%,89%,83%,"71,184
","1,385
","317,400
","2,203",66%,76%,71%,14:01
Garden City High School,99%,99%,99%,"161,163
","2,677
","811,800
","1,115",4%,90%,70%,11:01
Garfield High School,42%,15%,81%,"54,063
","1,279
","329,100
",939,68%,36%,50%,9:01
Gaynor McCown Expeditionary Learning School,95%,87%,92%,"79,174
","1,616
","426,201
",441,46%,100%,88%,14:01
Gen. Douglas MacArthur Senior High School,99%,99%,97%,"105,744
","1,663
","460,700
","1,221",8%,100%,73%,13:01
George W. Hewlett High School,98%,95%,98%,"105,744
","1,663
","460,700
","1,061",23%,89%,56%,12:01
George Westinghouse Career & Technical Education High School,92%,77%,82%,"122,549
","2,666
","813,641
",684,77%,100%,80%,18:01
Glen Cove High School,90%,91%,78%,"74,767
","1,742
","480,300
","1,026",59%,45%,55%,14:01
Glen Ridge High School,78%,70%,95%,"196,821
","1,505
","623,700
",822,0%,83%,58%,11:01
Glen Rock High School,73%,40%,95%,"162,443
","1,840
","621,800
",705,1%,100%,79%,9:01
Gorton High School,87%,86%,76%,"62,399
","1,292
","380,100
","1,007",86%,70%,60%,16:01
Gotham Professional Arts Academy,90%,_,65%,"46,216
","1,269
","576,223
",199,65%,--,--,14:01
Governor Livingston High School,49%,39%,97%,"147,614
","2,031
","606,600
","1,053",2%,93%,43%,12:01
Gramercy Arts High School,95%,87%,77%,"115,095
","2,222
","688,305
",533,79%,47%,42%,16:01
Great Neck North High School,98%,97%,93%,"91,484
","1,768
","795,100
","1,098",19%,100%,83%,11:01
Great Neck South High School,99%,99%,95%,"105,744
","1,663
","460,700
","1,193",19%,77%,68%,11:01
Great Oaks Legacy Charter School,39%,32%,75%,"38,753
","924
","160,478
","1,288",88%,--,--,20:01
Green School: An Academy for Environmental Careers,65%,75%,75%,"56,342
","1,522
","492,757
",240,82%,--,--,10:01
Greenburgh Academy,_,_,_,"62,399
","1,292
","380,100
",132,55%,--,--,8:01
Greenwich High School,85%,62%,97%,"138,180
","1,889
","1,217,500
","2,625",15%,82%,74%,13:01
Gregorio Luperon High School for Science & Mathematics,87%,82%,72%,"46,179
","1,244
","93,654
",484,94%,--,--,18:01
Grover Cleveland High School,89%,83%,64%,"60,405
","1,416
","460,017
","1,744",70%,76%,62%,17:01
H. Frank Carey High School,83%,86%,99%,"105,744
","1,663
","460,700
","1,659",15%,93%,86%,16:01
H.S. 560 - City-As-School,92%,67%,43%,"122,637
","2,294
","932,537
",507,49%,86%,71%,15:01
Hackensack High School,58%,19%,92%,"59,277
","1,335
","292,600
","1,799",54%,73%,77%,13:01
Half Hollow Hills High School East,99%,99%,97%,"152,263
","1,916
","694,600
","1,727",13%,85%,66%,14:01
Half Hollow Hills High School West,99%,99%,97%,"152,263
","1,916
","694,600
","1,282",19%,78%,52%,12:01
Hanover Park High School,52%,21%,96%,"121,769
","1,986
","557,500
",829,7%,92%,83%,10:01
Harborfields High School,99%,99%,99%,"88,996
","684
","460,500
","1,074",11%,95%,90%,15:01
Harlem Children's Zone Promise Academy Charter School,90%,90%,90%,"46,449
","1,126
","348,669
","1,138",86%,--,--,15:01
Harlem Children's Zone Promise Academy II Charter School,26%,57%,_,"37,900
","956
","222,811
",993,81%,--,--,12:01
Harlem Village Academies,90%,90%,90%,"46,449
","1,126
","348,669
",980,72%,20%,40%,10:01
Harlem Village Academy Leadership Charter School,90%,90%,90%,"37,900
","956
","222,811
",952,70%,--,--,11:01
Harrison High School,99%,98%,98%,"117,453
","2,138
","824,300
","1,078",23%,88%,63%,13:01
Harry S. Truman High School,96%,88%,69%,"49,271
","982
","18,193
","1,945",68%,82%,71%,18:01
Harvest Collegiate High School,95%,52%,92%,"111,665
","2,074
","883,503
",468,52%,40%,40%,12:01
Hasbrouck Heights High School,51%,42%,95%,"87,800
","1,415
","406,800
",582,17%,100%,67%,14:01
Hastings High School,95%,95%,95%,"127,143
","1,855
","612,900
",490,6%,92%,75%,12:01
Hauppauge High School,99%,98%,96%,"108,547
","1,972
","459,500
","1,181",11%,91%,77%,12:01
Hawthorne High School,39%,18%,92%,"93,675
","1,448
","377,700
",696,25%,63%,38%,13:01
Health Opportunities High School,87%,82%,62%,"22,588
","768
","62,728
",447,88%,73%,73%,14:01
Hendrick Hudson High School,98%,97%,92%,"80,625
","1,280
","359,700
",807,22%,73%,73%,12:01
Henry Hudson Regional School,58%,42%,90%,"105,035
","1,262
","402,800
",307,29%,83%,50%,9:01
Henry P. Becton Regional High School,40%,19%,98%,"77,400
","1,421
","380,600
",500,34%,85%,77%,11:01
Herbert H. Lehman High School,87%,87%,52%,"57,034
","1,412
","394,418
",751,74%,38%,54%,12:01
Herricks High School,99%,99%,97%,"105,744
","1,663
","460,700
","1,294",10%,88%,88%,12:01
Hicksville High School,96%,95%,93%,"104,188
","1,820
","421,900
","1,650",38%,76%,57%,15:01
High School Math Science & Engineering at The City College of New York (CCNY),95%,95%,95%,"46,449
","1,126
","348,669
",464,46%,100%,71%,16:01
High School for Arts & Business,95%,95%,90%,"49,368
","1,480
","404,159
",809,56%,82%,64%,18:01
High School for Community Leadership,95%,95%,82%,"57,926
","1,545
","391,413
",447,84%,89%,89%,14:01
"High School for Construction, Trades, Engineering & Architecture",99%,96%,96%,"66,377
","1,432
","484,302
","1,008",64%,100%,78%,17:01
High School for Dual Language & Asian Studies,95%,95%,95%,"40,275
","965
","174,255
",397,85%,90%,48%,15:01
High School for Energy & Technology,92%,92%,82%,"25,309
","1,082
","117,055
",399,77%,--,--,14:01
"High School for Enterprise, Business and Technology",92%,86%,84%,"56,342
","1,522
","492,757
",920,74%,55%,45%,17:01
High School for Environmental Studies,93%,90%,82%,"90,860
","2,060
","574,324
","1,211",79%,73%,65%,18:01
High School for Health Professions & Human Services,95%,96%,89%,"115,095
","2,222
","688,305
","1,766",64%,86%,81%,20:01
High School for Language & Innovation,77%,87%,67%,"40,158
","1,174
","220,368
",343,99%,--,--,12:01
High School for Law & Public Service,92%,95%,67%,"46,179
","1,244
","93,654
",569,78%,--,--,17:01
High School for Law Enforcement & Public Safety,92%,87%,82%,"55,554
","1,291
","338,725
",543,72%,54%,62%,19:01
"High School for Law, Advocacy & Community Justice",87%,92%,82%,"112,564
","1,857
","875,143
",496,92%,83%,92%,16:01
High School for Public Service: Heroes of Tomorrow,95%,95%,92%,"52,062
","1,277
","457,472
",454,83%,67%,62%,16:01
High School for Youth & Community Development,82%,87%,77%,"53,785
","1,361
","444,315
",423,82%,--,--,20:01
High School of American Studies at Lehman College,95%,95%,95%,"45,313
","1,248
","105,309
",377,25%,86%,71%,16:01
High School of Applied Communications,95%,92%,82%,"70,989
","1,584
","468,371
",412,78%,--,--,19:01
High School of Computers & Technology,95%,92%,82%,"44,345
","1,334
","279,027
",523,67%,83%,83%,19:01
High School of Economics & Finance,95%,95%,82%,"134,906
","2,794
","1,227,948
",761,78%,92%,83%,20:01
High School of Sports Management,90%,85%,67%,"49,677
","1,244
","600,617
",268,78%,--,--,18:01
High School of Telecommunications Arts & Technology,96%,92%,84%,"68,113
","1,411
","710,954
","1,258",73%,90%,67%,15:01
High Tech High School,79%,32%,99%,"57,269
","1,300
","308,000
","1,049",33%,85%,83%,13:01
High Technology High School,99%,95%,95%,"132,135
","392
","495,800
",291,2%,82%,64%,13:01
Highland Park High School,57%,30%,92%,"75,913
","1,376
","360,000
",492,34%,100%,50%,12:01
Hillcrest High School,94%,91%,72%,"57,926
","1,545
","391,413
","3,321",80%,59%,55%,21:01
Hillsborough High School,62%,48%,98%,"119,542
","1,581
","411,700
","2,243",7%,93%,89%,12:01
Hillside Arts & Letters Academy,95%,95%,82%,"57,926
","1,545
","391,413
",480,75%,83%,67%,17:01
Hoboken Charter School,62%,47%,_,"127,523
","2,100
","652,200
",298,29%,--,--,9:01
Hoboken Junior Senior High School,36%,9%,92%,"127,523
","2,100
","652,200
",416,68%,--,--,9:01
Holcombe L. Rucker School of Community Research,65%,65%,62%,"25,978
","913
","123,584
",149,89%,60%,60%,12:01
Holmdel High School,53%,37%,98%,"155,842
","2,083
","644,700
",920,4%,58%,50%,10:01
Hopatcong High School,31%,15%,92%,"79,613
","1,397
","233,600
",435,31%,83%,83%,10:01
Horace Greeley High School,99%,99%,99%,"211,105
","1,978
","884,500
","1,308",4%,100%,80%,12:01
Hostos-Lincoln Academy of Science,55%,44%,87%,"25,978
","913
","123,584
",526,80%,63%,63%,16:01
Howell High School,43%,23%,98%,"100,305
","1,470
","324,000
","2,110",8%,86%,82%,15:01
Hudson High School of Learning Technologies,87%,67%,82%,"111,665
","2,074
","883,503
",477,88%,50%,50%,14:01
Humanities Preparatory Academy,90%,65%,75%,"111,665
","2,074
","883,503
",214,78%,67%,75%,16:01
Huntington High School,97%,96%,93%,"82,077
","1,703
","356,900
","1,489",44%,79%,74%,14:01
Hyde Leadership Charter School,90%,85%,95%,"25,936
","1,059
","103,098
",955,88%,100%,90%,9:01
Independence High School,77%,62%,17%,"90,860
","2,060
","574,324
",272,83%,--,--,15:01
Indian Hills High School,57%,41%,96%,"112,944
","1,702
","446,800
","1,118",2%,95%,81%,11:01
Infinity Institute,95%,82%,90%,"46,243
","1,080
","246,811
",253,75%,--,--,10:01
Information Technology & Software Engineering at the Fairchild Wheeler Campus,62%,32%,92%,"44,841
","1,142
","170,300
",502,28%,--,--,18:01
Information Technology High School,92%,92%,76%,"70,989
","1,584
","468,371
",974,76%,100%,100%,17:01
Innovation Diploma Plus,85%,90%,22%,"112,564
","1,857
","875,143
",149,76%,--,--,12:01
Institute for Collaborative Education,77%,65%,92%,"115,095
","2,222
","688,305
",479,21%,88%,75%,19:01
Institute for Health Professionals at Cambria Heights,92%,67%,_,"90,919
","710
","406,747
",403,74%,--,--,13:01
International Community High School,87%,77%,67%,"22,588
","768
","62,728
",419,97%,--,--,16:01
International High School,30%,12%,87%,"36,106
","1,149
","235,500
",458,69%,43%,57%,10:01
International High School at Lafayette,77%,87%,67%,"49,677
","1,244
","600,617
",358,94%,--,--,15:01
International High School at Prospect Heights,62%,77%,72%,"45,374
","1,249
","500,277
",399,51%,--,--,14:01
International High School at Union Square,87%,87%,87%,"115,095
","2,222
","688,305
",402,74%,--,--,13:01
International High School for Health Sciences,75%,75%,_,"51,226
","1,489
","477,283
",284,90%,--,--,14:01
International School for Liberal Arts,39%,41%,72%,"45,313
","1,248
","105,309
",531,90%,100%,100%,13:01
Inwood Early College for Health & Information Technologies,_,_,_,"49,957
","1,275
","83,824
",282,93%,--,--,13:01
Irvington High School,95%,95%,95%,"133,194
","1,495
","670,200
",524,10%,--,--,11:01
Island Trees High School,95%,95%,95%,"108,179
","1,944
","367,700
",746,24%,83%,67%,13:01
Islip High School,99%,99%,98%,"90,278
","1,620
","352,200
",969,29%,100%,84%,12:01
J.M. Wright Technical High School,_,_,_,"116,577
","1,375
","564,424
",319,47%,--,--,9:01
J.P. Stevens High School,77%,59%,96%,"95,622
","1,438
","373,000
","2,314",17%,83%,68%,15:01
Jackson Liberty High School,42%,18%,94%,"88,063
","1,351
","340,500
","1,285",29%,83%,67%,13:01
Jackson Memorial High School,39%,33%,94%,"88,063
","1,351
","340,500
","1,558",14%,89%,74%,14:01
Jamaica Gateway to the Sciences,95%,92%,92%,"57,926
","1,545
","391,413
",520,76%,90%,80%,20:01
James Baldwin School,87%,57%,32%,"111,665
","2,074
","883,503
",244,74%,--,--,14:01
James Caldwell High School,65%,35%,94%,"105,931
","1,760
","476,100
",794,6%,89%,67%,11:01
James Madison High School,92%,94%,81%,"56,820
","1,266
","539,092
","3,369",77%,76%,68%,19:01
Jericho Senior High School,99%,99%,99%,"156,029
","1,935
","732,100
","1,088",9%,93%,53%,10:01
Jill Chaifetz Transfer High School,55%,55%,22%,"25,978
","913
","123,584
",155,69%,--,--,12:01
John Adams High School,81%,91%,64%,"66,377
","1,432
","484,302
","2,132",82%,70%,83%,13:01
John Bowne High School,92%,88%,74%,"48,405
","1,289
","500,047
","3,544",74%,63%,73%,19:01
John Dewey High School,93%,90%,75%,"49,677
","1,244
","600,617
","2,245",77%,83%,80%,18:01
John E. Dwyer Technical Academy,16%,9%,75%,"45,186
","1,110
","268,700
","1,216",84%,38%,63%,12:01
John F. Kennedy High School,99%,99%,98%,"125,736
","1,845
","457,900
","1,118",7%,90%,60%,15:01
John F. Kennedy Memorial High School,39%,35%,93%,"87,308
","1,641
","295,900
","1,327",42%,94%,75%,12:01
John H. Glenn High School,95%,95%,95%,"111,675
","2,142
","494,100
",740,20%,88%,75%,14:01
John Jay High School,99%,99%,98%,"148,824
","1,979
","648,100
","1,070",4%,93%,71%,13:01
John Jay School for Law,95%,92%,82%,"133,991
","2,301
","1,121,111
",414,73%,56%,33%,15:01
John W. Lavelle Preparatory Charter School,18%,20%,_,"76,244
","1,229
","460,200
",635,74%,--,--,9:01
Jonathan Dayton High School,64%,25%,87%,"110,547
","1,574
","426,800
",562,13%,87%,67%,12:01
Jonathan Law High School,72%,42%,94%,"86,496
","1,551
","302,200
",865,23%,73%,80%,11:01
Joseph A. Foran High School,84%,53%,97%,"86,496
","1,551
","302,200
",903,15%,88%,71%,12:01
KIPP Academy Charter School,95%,95%,95%,"26,529
","1,027
","95,938
","1,104",89%,--,--,13:01
KIPP STAR College Prep Charter School,90%,90%,90%,"65,379
","1,473
","476,274
",815,84%,--,--,15:01
Kearny High School,31%,13%,92%,"63,271
","1,212
","318,700
","1,756",48%,64%,50%,14:01
Keyport High School,38%,12%,87%,"56,935
","1,049
","256,500
",362,51%,--,--,9:01
Khalil Gibran International Academy,85%,85%,65%,"121,566
","2,144
","1,251,149
",261,61%,--,--,11:01
Kings Collegiate Charter School,90%,90%,90%,"52,782
","1,314
","623,900
",432,81%,--,--,12:01
Kings Park High School,98%,97%,99%,"99,469
","1,445
","425,900
","1,203",9%,88%,69%,14:01
Kingsborough Early College School,58%,45%,95%,"49,677
","1,244
","600,617
",638,72%,--,--,18:01
Kingsbridge International High School,67%,87%,47%,"45,313
","1,248
","105,309
",447,97%,--,--,19:01
Kinnelon High School,79%,57%,95%,"147,267
","1,813
","558,600
",675,4%,93%,67%,11:01
Knowledge & Power Prep Academy International High School,95%,92%,92%,"25,309
","1,082
","117,055
",469,90%,71%,71%,12:01
Lakeland High School,_,4,_,"78,529
","1,742
","343,000
",949,17%,83%,67%,13:01
Lakeland Regional High School,58%,30%,93%,"116,198
","1,807
","342,400
",920,12%,86%,72%,10:01
Landmark High School,90%,_,62%,"111,665
","2,074
","883,503
",363,87%,--,--,14:01
Lawrence Senior High School,89%,94%,83%,"105,744
","1,663
","460,700
",908,66%,62%,77%,10:01
Leadership & Public Service High School,87%,77%,72%,"134,906
","2,794
","1,227,948
",595,93%,78%,56%,17:01
Leadership Institute,75%,75%,55%,"26,673
","904
","61,624
",155,98%,--,--,10:01
Lenape Valley Regional High School,48%,22%,94%,"83,813
","1,528
","229,700
",772,12%,94%,72%,13:01
Leon M. Goldstein High School for the Sciences,99%,99%,95%,"101,899
","1,313
","1,115,951
","1,025",46%,94%,86%,19:01
Leonia High School,73%,39%,92%,"89,744
","1,388
","481,200
",631,17%,84%,53%,11:01
Liberty High School,77%,27%,90%,"51,921
","1,150
","285,886
",189,69%,63%,38%,9:01
Liberty High School Academy for Newcomers,85%,65%,47%,"111,665
","2,074
","883,503
",421,38%,--,--,17:01
Life Academy High School for Film & Music,90%,95%,95%,"49,677
","1,244
","600,617
",292,74%,--,--,16:01
Life Sciences Secondary School,67%,62%,62%,"126,366
","2,116
","932,906
",617,72%,71%,50%,14:01
Lincoln High School,94%,92%,80%,"62,399
","1,292
","380,100
","1,118",83%,73%,82%,17:01
Linden High School,46%,5%,86%,"77,400
","1,421
","380,600
","1,677",55%,56%,48%,12:01
Lindenhurst Senior High School,96%,97%,94%,"89,724
","1,480
","348,400
","1,999",36%,78%,67%,17:01
Livingston Senior High School,69%,51%,96%,"153,381
","2,626
","599,100
","1,883",2%,83%,63%,11:01
Locust Valley High School,95%,95%,95%,"123,393
","2,458
","1,112,000
",687,15%,80%,60%,14:01
Lodi High School,51%,32%,95%,"57,188
","1,227
","369,800
",887,55%,87%,53%,14:01
Long Beach High School,93%,93%,92%,"161,111
","2,862
","666,900
","1,309",52%,78%,65%,14:01
Long Branch High School,27%,15%,92%,"54,398
","1,239
","337,000
","1,374",70%,70%,80%,13:01
Long Island City High School,87%,86%,64%,"70,989
","1,584
","468,371
","2,068",74%,83%,78%,16:01
Longwood High School,97%,83%,89%,"97,664
","2,140
","310,800
","2,707",51%,73%,71%,14:01
Longwood Preparatory Academy,85%,65%,47%,"25,978
","913
","123,584
",162,88%,--,--,9:01
Lower East Side Preparatory High School,85%,87%,37%,"40,275
","965
","174,255
",521,35%,--,--,16:01
Lower Manhattan Arts Academy,92%,82%,72%,"40,275
","965
","174,255
",349,56%,100%,71%,14:01
Lynbrook Senior High School,99%,99%,97%,"89,020
","1,743
","426,800
",872,15%,100%,82%,12:01
Lyndhurst High School,49%,24%,95%,"73,218
","1,275
","368,100
",745,13%,75%,58%,12:01
M.E.T.S. Charter School,28%,9%,95%,"59,616
","1,237
","317,650
",514,72%,--,--,12:01
M.S. 223 - Laboratory School of Finance & Technology,56%,50%,_,"22,588
","768
","62,728
",694,97%,--,--,13:01
M.S./H.S. 141 - Riverdale/Kingsbridge Academy,58%,53%,87%,"86,498
","1,719
","425,437
","1,450",49%,75%,69%,16:01
M.S./H.S. 368 - In-Tech Academy,44%,34%,82%,"36,431
","999
","193,896
",943,91%,70%,70%,15:01
Madison High School,71%,53%,97%,"127,948
","1,643
","698,600
",837,7%,60%,60%,13:01
Mahopac High School,98%,96%,95%,"87,594
","1,236
","368,800
","1,529",10%,77%,65%,14:01
Mahwah High School,69%,60%,97%,"137,768
","1,382
","555,200
",925,10%,92%,75%,10:01
Malverne Senior High School,95%,95%,92%,"106,250
","1,328
","441,900
",548,49%,60%,60%,13:01
Mamaroneck High School,97%,95%,97%,"91,161
","1,820
","611,100
","1,543",17%,91%,91%,14:01
Manalapan High School,45%,34%,98%,"109,326
","1,605
","455,500
","1,885",8%,86%,66%,15:01
Manasquan High School,66%,32%,95%,"106,298
","1,263
","649,600
",922,14%,78%,67%,13:01
Manchester Regional High School,39%,10%,80%,"65,033
","1,354
","264,100
",812,70%,64%,45%,13:01
Manchester Township High School,25%,15%,90%,"28,081
","919
","71,300
","1,002",34%,71%,57%,12:01
Manhasset Secondary School,99%,99%,99%,"130,433
","1,402
","1,019,300
","1,157",6%,83%,67%,12:01
Manhattan Academy for Arts & Languages,85%,85%,62%,"123,307
","2,420
","878,421
",293,94%,--,--,14:01
Manhattan Bridges High School,95%,95%,95%,"90,860
","2,060
","574,324
",526,67%,100%,100%,17:01
Manhattan Business Academy,95%,92%,87%,"111,665
","2,074
","883,503
",431,85%,100%,71%,16:01
Manhattan Center for Science & Mathematics,99%,99%,96%,"37,900
","956
","222,811
","1,596",85%,86%,75%,21:01
Manhattan Comprehensive Night & Day High School,87%,87%,22%,"115,095
","2,222
","688,305
",618,85%,--,--,15:01
Manhattan Early College School for Advertising,_,_,_,"27,178
","801
",,274,82%,--,--,13:01
Manhattan Hunter Science High School,95%,95%,95%,"112,564
","1,857
","875,143
",448,63%,94%,81%,18:01
Manhattan International High School,82%,_,77%,"126,366
","2,116
","932,906
",324,48%,100%,75%,16:01
Manhattan Village Academy,95%,95%,95%,"150,805
","2,605
","1,376,782
",432,76%,96%,65%,17:01
Manville High School,53%,21%,92%,"67,080
","1,336
","251,900
",383,51%,70%,50%,13:01
Marble Hill High School of International Studies,95%,95%,92%,"36,431
","999
","193,896
",430,94%,79%,84%,14:01
Marine Academy of Science & Technology,95%,87%,95%,"105,035
","1,262
","402,800
",290,4%,100%,77%,11:01
Marlboro High School,56%,45%,98%,"143,208
","2,160
","512,100
","1,885",4%,88%,65%,14:01
Marta Valle High School,90%,85%,57%,"40,275
","965
","174,255
",190,91%,80%,60%,13:01
Martin Van Buren High School,85%,84%,67%,"81,814
","934
","466,084
","1,201",74%,71%,71%,15:01
Maspeth High School,99%,99%,99%,"68,120
","1,526
","564,083
","1,048",69%,100%,100%,17:01
Massapequa High School,99%,99%,98%,"123,102
","2,245
","448,500
","1,718",10%,90%,70%,11:01
Matawan Regional High School,61%,39%,92%,"86,149
","1,374
","335,400
","1,006",29%,78%,78%,11:01
"Math, Engineering & Science Charter High School",95%,95%,_,"47,307
","1,377
","364,192
",472,81%,--,--,12:01
Mather Building Arts & Craftsmanship High School,87%,82%,_,"90,860
","2,060
","574,324
",372,82%,--,--,11:01
Medgar Evers College Preparatory School,91%,91%,96%,"45,374
","1,249
","500,277
","1,223",74%,79%,67%,20:01
Memorial Senior High School,42%,18%,92%,"76,907
","1,570
","348,200
",727,44%,33%,17%,16:01
Metropolitan Expeditionary Learning School,55%,52%,95%,"75,599
","1,646
","430,627
",824,67%,83%,67%,13:01
Metuchen High School,69%,44%,95%,"116,632
","1,495
","407,800
",649,11%,89%,78%,12:01
Middle College High School,95%,82%,77%,"70,989
","1,584
","468,371
",504,51%,--,--,21:01
Middlesex County Academy for Allied Health & Biomedical Sciences,99%,92%,95%,"80,540
","1,581
","273,600
",276,9%,94%,53%,14:01
"Middlesex County Academy for Science, Mathematics, & Engineering Technologies",95%,95%,90%,"95,622
","1,438
","373,000
",160,2%,80%,40%,12:01
Middlesex County Vocational & Technical School (MCVTS) - East Brunswick,43%,8%,95%,"105,959
","1,429
","383,200
",420,37%,100%,100%,11:01
Middlesex County Vocational & Technical School (MCVTS) - Perth Amboy,34%,10%,95%,"50,883
","1,241
","246,700
",292,71%,--,--,13:01
Middlesex County Vocational & Technical School (MCVTS) - Piscataway,41%,6%,95%,"89,617
","1,474
","310,300
",365,71%,67%,44%,9:01
Middlesex County Vocational School - East Brunswick Campus School of Career Development,12%,5%,95%,"105,959
","1,429
","383,200
",283,42%,--,--,10:01
Middlesex County Vocational School - Piscataway Campus School of Career Development,12%,5%,90%,"89,617
","1,474
","310,300
",193,68%,--,--,9:01
Middlesex High School,50%,37%,95%,"73,196
","1,385
","293,700
",604,26%,70%,40%,10:01
Middletown High School North,35%,22%,91%,"105,035
","1,262
","402,800
","1,387",17%,91%,83%,12:01
Middletown High School South,50%,37%,95%,"105,035
","1,262
","402,800
","1,406",7%,100%,73%,12:01
Midland Park Jr./Sr. High School,65%,30%,95%,"105,313
","1,635
","488,500
",451,8%,100%,100%,10:01
Midwood High School at Brooklyn College,98%,98%,91%,"53,785
","1,361
","444,315
","4,011",71%,88%,80%,23:01
Millburn Senior High School,75%,68%,98%,"202,862
","1,710
","1,057,500
","1,457",2%,100%,65%,12:01
Millenium Art Academy,87%,82%,67%,"39,930
","1,035
","254,019
",425,64%,--,--,15:01
Millennium Brooklyn High School,95%,95%,95%,"133,991
","2,301
","1,121,111
",652,42%,100%,91%,11:01
Millennium High School,95%,95%,95%,"134,906
","2,794
","1,227,948
",660,44%,100%,77%,17:01
Miller Place High School,96%,95%,97%,"119,963
","1,441
","423,800
",881,11%,100%,79%,14:01
Mineola High School,76%,93%,95%,"108,654
","1,713
","590,100
","1,013",24%,83%,83%,12:01
Monmouth Regional High School,54%,22%,93%,"66,470
","1,167
","329,800
",993,31%,64%,57%,12:01
Monroe Township High School,60%,45%,96%,"78,263
","1,455
","352,800
","2,152",11%,96%,74%,13:01
Montclair High School,64%,41%,93%,"113,293
","1,518
","604,200
","2,009",14%,80%,67%,12:01
Montville Township High School,59%,44%,99%,"134,752
","1,671
","575,700
","1,186",1%,75%,67%,10:01
Morris Academy for Collaborative Studies,82%,72%,67%,"25,978
","913
","123,584
",377,97%,60%,80%,12:01
Morris County School of Technology,84%,60%,95%,"116,078
","1,746
","388,400
",713,4%,88%,93%,10:01
Morris Hills High School,52%,42%,90%,"83,714
","1,252
","338,800
","1,232",25%,93%,89%,11:01
Morris Knolls High School,54%,39%,93%,"107,034
","1,420
","438,100
","1,549",8%,94%,94%,11:01
Morristown High School,33%,20%,87%,"92,296
","1,626
","439,600
","1,825",27%,89%,89%,15:01
Mott Hall Bronx High School,92%,77%,77%,"26,673
","904
","61,624
",379,91%,83%,83%,16:01
Mott Hall V School,40%,35%,87%,"40,352
","1,183
","147,380
",664,86%,--,--,13:01
Mott Haven Community High School,85%,62%,22%,"22,588
","768
","62,728
",196,67%,--,--,9:01
Mount Olive High School,84%,46%,94%,"86,773
","1,180
","354,300
","1,443",14%,86%,70%,13:01
Mount Sinai High School,95%,95%,99%,"114,310
","1,392
","446,500
",788,7%,100%,67%,14:01
Mountain Lakes High School,86%,57%,95%,"175,556
","1,469
","810,300
",693,3%,100%,100%,11:01
Multicultural High School,85%,85%,65%,"46,306
","1,365
","456,985
",190,97%,--,--,11:01
Murray Hill Academy,90%,85%,72%,"123,307
","2,420
","878,421
",312,79%,--,--,12:01
NYC Lab High School for Collaborative Studies,95%,95%,95%,"111,665
","2,074
","883,503
",531,28%,93%,93%,14:01
NYC Museum School,95%,95%,95%,"111,665
","2,074
","883,503
",454,73%,82%,59%,19:01
NYC iSchool,95%,95%,95%,"136,705
","2,222
","1,317,210
",449,37%,100%,83%,15:01
Nanuet Senior High School,95%,95%,95%,"97,250
","1,865
","381,600
",707,17%,78%,67%,14:01
Nelson Mandela High School,85%,75%,42%,"54,573
","1,291
","355,600
",191,48%,--,--,13:01
Neptune High School,31%,12%,80%,"67,836
","1,225
","294,500
","1,358",49%,77%,73%,14:01
New Canaan High School,94%,81%,99%,"174,677
","2,001
","1,439,600
","1,266",0%,92%,77%,13:01
New Design High School,95%,87%,77%,"40,275
","965
","174,255
",400,70%,100%,80%,11:01
New Dorp High School,92%,90%,81%,"59,964
","1,500
","279,534
","2,924",58%,78%,78%,17:01
"New Explorations into Science,Technology & Math School",98%,98%,95%,"40,275
","965
","174,255
","1,743",25%,86%,86%,19:01
New Heights Academy Charter School,95%,95%,95%,"46,449
","1,126
","348,669
",749,85%,79%,71%,15:01
New Hyde Park Memorial High School,81%,79%,91%,"105,744
","1,663
","460,700
","1,664",20%,60%,40%,14:01
New Milford High School,62%,37%,95%,"84,025
","1,360
","397,000
",607,14%,100%,100%,12:01
New Providence High School,65%,57%,95%,"129,638
","1,561
","583,200
",649,5%,91%,73%,11:01
New Rochelle High School,93%,88%,87%,"77,320
","1,432
","552,700
","3,284",46%,67%,71%,18:01
New Utrecht High School,91%,92%,72%,"51,401
","1,323
","718,508
","3,589",73%,63%,64%,18:01
New Visions Charter High School - Adv. Math/Science IV,_,_,_,"55,554
","1,291
","338,725
",254,77%,--,--,15:01
New Visions Charter High School - Advanced Math & Science,87%,92%,92%,"61,708
","1,384
","449,316
",485,62%,80%,80%,13:01
New Visions Charter High School for Advanced Math and Science 2,92%,95%,95%,"25,978
","913
","123,584
",555,87%,--,--,14:01
New Visions Charter High School for the Humanities II,92%,82%,87%,"22,588
","768
","62,728
",461,78%,--,--,13:01
New Visions Charter High School: Advanced Math & Science III,95%,92%,_,"56,820
","1,266
","539,092
",451,72%,--,--,15:01
New World High School,95%,95%,87%,"50,049
","1,312
","362,028
",386,94%,83%,83%,17:01
"New York City Charter High School for Architecture, Engineering & Construction Industries",95%,92%,92%,"22,588
","768
","62,728
",425,89%,75%,63%,13:01
New York Harbor School,87%,87%,82%,"71,478
","1,592
","400,506
",458,57%,80%,20%,13:01
Newark Early College High School,17%,4%,77%,"32,148
","1,065
","185,694
",410,64%,--,--,9:01
Newark Technical School,56%,21%,95%,"39,046
","1,036
","121,098
",688,86%,88%,63%,13:01
Newcomers High School,85%,97%,75%,"70,989
","1,584
","468,371
",919,91%,100%,100%,18:01
Newfield High School,96%,96%,91%,"98,025
","1,891
","335,400
","1,555",39%,59%,55%,16:01
Newtown High School,90%,88%,72%,"51,226
","1,489
","477,283
","1,857",74%,70%,60%,17:01
North 13th Street Technical School,54%,17%,95%,"40,966
","1,052
","217,319
",550,88%,87%,73%,9:01
North Arlington High School,49%,18%,95%,"74,481
","1,288
","347,800
",473,17%,100%,50%,10:01
North Babylon High School,95%,93%,95%,"95,463
","1,864
","340,500
","1,480",33%,79%,84%,14:01
North Brunswick Township High School,41%,21%,81%,"88,723
","1,546
","318,000
","1,753",43%,85%,62%,12:01
North Plainfield High School,31%,13%,95%,"71,895
","1,288
","269,600
",965,64%,88%,71%,10:01
North Rockland High School,97%,93%,89%,"122,614
","1,925
","373,000
","2,519",52%,66%,59%,17:01
North Salem Middle/High School,78%,69%,95%,"137,414
","1,697
","582,400
",658,11%,86%,57%,11:01
North Shore Senior High School,99%,99%,98%,"107,125
","2,012
","619,100
",872,10%,83%,42%,10:01
North Star Academy Charter School of Newark,75%,64%,95%,"38,753
","924
","160,478
","4,490",87%,84%,63%,16:01
Northern Highlands Regional High School,60%,61%,99%,"151,875
","1,905
","682,100
","1,361",0%,100%,94%,12:01
Northern Valley Regional High School - Old Tappan,68%,56%,99%,"91,572
","1,419
","451,200
","1,197",1%,89%,83%,12:01
Northern Valley Regional High School Demarest,57%,58%,99%,"149,271
","3,147
","673,200
",998,1%,89%,58%,10:01
Northport Senior High School,98%,96%,96%,"100,846
","1,850
","452,900
","1,975",13%,95%,89%,13:01
Northside Charter High School,92%,87%,82%,"85,838
","1,984
","638,292
",405,79%,86%,71%,11:01
Norwalk High School,58%,32%,94%,"180,313
","2,415
","815,500
","1,616",44%,55%,65%,15:01
Nutley High School,51%,25%,95%,"93,691
","1,314
","372,100
","1,220",15%,82%,59%,13:01
Nyack Senior High School,97%,94%,86%,"127,167
","1,714
","531,400
",993,34%,77%,85%,12:01
OCVTS - Performing Arts Academy,67%,37%,95%,"88,063
","1,351
","340,500
",274,8%,85%,77%,39:01:00
Ocean Township High School,40%,28%,93%,"99,704
","971
","372,900
","1,146",26%,76%,65%,10:01
Oceanside High School,98%,98%,97%,"109,484
","1,355
","443,900
","1,700",13%,91%,83%,13:01
Old Bridge High School,46%,24%,94%,"88,540
","1,197
","333,800
","2,817",26%,85%,85%,13:01
Orchard Collegiate Academy,45%,45%,55%,"40,275
","965
","174,255
",138,91%,--,--,8:01
Origins High School,92%,92%,_,"56,820
","1,266
","539,092
",424,72%,--,--,14:01
Ossining High School,93%,92%,80%,"82,645
","1,484
","440,300
","1,407",52%,82%,71%,13:01
Oyster Bay High School,76%,91%,92%,"120,826
","1,856
","485,900
",752,24%,91%,73%,11:01
P.S. 47 The American Sign Language & English Secondary School,85%,90%,85%,"90,299
","1,942
","376,379
",178,88%,--,--,11:01
Pablo Neruda Academy for Architecture & World Studies,67%,55%,62%,"39,930
","1,035
","254,019
",295,76%,38%,38%,11:01
Pace High School,95%,95%,92%,"58,451
","1,335
","270,306
",502,74%,86%,86%,15:01
Palisades Park Junior/Senior High School,41%,24%,87%,"90,962
","1,316
","344,500
",664,42%,100%,40%,11:01
Pan American International High School,87%,95%,77%,"51,226
","1,489
","477,283
",482,91%,--,--,13:01
Pan American International High School at Monroe,85%,95%,82%,"40,352
","1,183
","147,380
",430,97%,--,--,14:01
Paramus High School,_,4,_,"105,114
","1,865
","574,600
","1,231",7%,90%,70%,11:01
Park East High School,95%,95%,92%,"37,900
","956
","222,811
",417,84%,80%,80%,14:01
Park Ridge High School,72%,55%,95%,"106,875
","1,418
","546,000
",562,5%,100%,78%,10:01
Park Slope Collegiate,52%,57%,87%,"133,991
","2,301
","1,121,111
",599,69%,--,--,13:01
Parsippany High School,61%,46%,93%,"93,915
","1,276
","421,800
",899,22%,84%,74%,10:01
Parsippany Hills High School,49%,41%,96%,"93,915
","1,276
","421,800
","1,035",14%,86%,80%,11:01
Pascack Hills High School,56%,53%,96%,"106,875
","1,418
","546,000
",814,2%,100%,64%,12:01
Pascack Valley High School,46%,42%,98%,"124,844
","1,503
","522,700
","1,192",3%,92%,89%,12:01
Passaic County Technical Institute,57%,37%,99%,"108,092
","1,551
","454,500
","3,366",50%,91%,82%,11:01
Passaic Valley Regional High School,34%,22%,90%,"85,427
","1,327
","369,600
","1,235",34%,82%,65%,12:01
Patchogue-Medford High School,97%,95%,89%,"87,413
","1,779
","298,900
","2,421",43%,69%,62%,17:01
Paterson Charter School for Science & Technology,40%,18%,95%,"36,106
","1,149
","235,500
","1,068",85%,80%,50%,11:01
Pathways in Technology Early College High School,92%,92%,57%,"45,374
","1,249
","500,277
",567,77%,--,--,22:01
Paul D. Schreiber Senior High School,96%,98%,95%,"120,233
","1,808
","771,400
","1,626",20%,100%,74%,14:01
Pearl River High School,89%,85%,99%,"105,897
","1,372
","453,700
",972,10%,100%,86%,12:01
Peekskill High School,87%,87%,72%,"54,839
","1,352
","286,200
",992,74%,64%,43%,19:01
Pelham Lab High School,82%,77%,_,"57,034
","1,412
","394,418
",451,82%,--,--,16:01
Pelham Memorial High School,98%,96%,97%,"146,833
","1,812
","751,600
",881,11%,83%,75%,15:01
Pelham Preparatory Academy,92%,95%,92%,"40,158
","1,174
","220,368
",498,72%,94%,88%,18:01
Pequannock Township High School,48%,38%,95%,"94,237
","1,799
","390,900
",687,5%,100%,71%,11:01
Performing Arts & Technology High School,85%,82%,77%,"34,801
","1,087
","312,088
",440,91%,--,--,15:01
Piscataway Township High School,42%,30%,92%,"89,617
","1,474
","310,300
","2,215",33%,72%,60%,13:01
Plainedge Senior High School,98%,99%,97%,"115,500
","1,799
","432,000
",994,13%,83%,83%,13:01
Plainfield Academy for the Arts & Advanced Studies (PAAAS),47%,18%,95%,"56,425
","1,170
","236,400
",399,71%,43%,43%,9:01
Plainview-Old Bethpage John F. Kennedy High School,99%,99%,99%,"132,635
","1,678
","536,600
","1,541",9%,88%,69%,11:01
Pleasantville High School,95%,95%,95%,"113,071
","1,465
","571,300
",567,13%,100%,60%,11:01
Point Pleasant Beach High School,67%,37%,95%,"92,143
","1,516
","556,300
",351,11%,92%,67%,10:01
Point Pleasant Borough High School,58%,37%,92%,"93,276
","1,462
","368,700
",843,15%,78%,67%,11:01
Pompton Lakes High School,61%,46%,95%,"92,952
","1,450
","303,300
",633,12%,100%,100%,12:01
Port Chester Senior High School,98%,96%,89%,"131,818
","1,669
","746,800
","1,436",66%,75%,75%,15:01
Port Richmond High School,89%,91%,59%,"56,838
","998
","336,371
","1,528",68%,80%,80%,17:01
Preparatory Academy For Writers,61%,68%,82%,"76,055
","1,429
","410,838
",602,77%,80%,30%,17:01
Professional Pathways High School,82%,72%,22%,"56,820
","1,266
","539,092
",204,79%,--,--,12:01
Professional Performing Arts High School,95%,95%,95%,"90,860
","2,060
","574,324
",544,29%,76%,71%,20:01
Progress High School for Professional Careers,87%,72%,71%,"56,342
","1,522
","492,757
",866,81%,86%,86%,17:01
Putnam Valley High School,95%,95%,95%,"115,133
","1,553
","378,100
",573,20%,90%,50%,13:01
Queens Collegiate: A College Board School,56%,51%,77%,"57,926
","1,545
","391,413
",643,88%,81%,56%,15:01
Queens Gateway to Health Sciences Secondary School,93%,86%,95%,"71,551
","1,337
","575,148
",702,61%,86%,55%,20:01
"Queens High School for Information, Research & Technology",92%,92%,72%,"53,615
","1,356
","429,021
",442,69%,--,--,19:01
Queens High School for Language Studies,95%,95%,_,"48,405
","1,289
","500,047
",394,83%,--,--,14:01
Queens High School for the Sciences at York College,95%,95%,95%,"55,554
","1,291
","338,725
",464,63%,95%,89%,18:01
Queens High School of Teaching,92%,88%,91%,"81,814
","934
","466,084
","1,098",62%,71%,68%,20:01
Queens Metropolitan High School,94%,94%,91%,"62,008
","1,456
","481,300
","1,049",62%,87%,83%,17:01
Queens Technical High School,96%,94%,84%,"59,979
","1,504
","350,790
","1,535",82%,67%,80%,17:01
Quest to Learn Middle School,59%,45%,72%,"111,665
","2,074
","883,503
",640,53%,--,--,13:01
Rachel Carson High School for Coastal Studies,92%,95%,82%,"38,620
","1,081
","309,222
",569,51%,80%,80%,17:01
Rahway High School,28%,7%,85%,"69,813
","1,402
","263,200
","1,118",36%,67%,42%,11:01
Ralph R. McKee Career & Technical High School,95%,95%,72%,"76,244
","1,229
","460,200
",734,68%,75%,67%,16:01
Ramapo High School,90%,82%,67%,"37,925
","1,434
","617,400
","1,326",68%,68%,58%,16:01
Ramsey High School,63%,46%,96%,"137,768
","1,382
","555,200
",832,4%,100%,44%,10:01
Randolph High School,65%,53%,99%,"128,125
","1,374
","512,900
","1,601",8%,86%,57%,12:01
Raritan High School,44%,15%,99%,"94,657
","978
","310,600
",922,19%,68%,37%,12:01
Red Bank Regional High School,58%,35%,96%,"144,250
","2,254
","605,100
","1,197",25%,81%,76%,11:01
Renaissance High School for Musical Theater & Technology,92%,82%,72%,"57,034
","1,412
","394,418
",449,62%,82%,91%,17:01
Repertory Company High School for Theatre Arts,90%,90%,90%,"105,244
","2,318
","977,562
",247,68%,88%,65%,16:01
Richard R. Green High School of Teaching,82%,77%,67%,"134,906
","2,794
","1,227,948
",532,84%,68%,63%,15:01
Richmond Hill High School,86%,88%,64%,"68,496
","1,420
","475,296
","1,770",80%,78%,72%,14:01
Ridge High School,80%,74%,98%,"137,855
","2,047
","671,300
","1,861",2%,96%,70%,13:01
Ridgefield Memorial High School,63%,39%,82%,"66,690
","1,593
","447,300
",457,28%,67%,33%,9:01
Ridgefield Park Junior/Senior High School,53%,22%,94%,"91,572
","1,419
","451,200
","1,216",40%,100%,70%,13:01
Ridgewood High School,75%,68%,97%,"162,011
","1,969
","739,300
","1,716",1%,83%,61%,13:01
River Dell Regional High School,53%,53%,99%,"137,583
","1,384
","580,200
","1,034",1%,90%,80%,11:01
Riverside High School,91%,87%,74%,"62,399
","1,292
","380,100
",984,83%,100%,100%,16:01
Robert F. Kennedy Community High School,92%,92%,87%,"48,405
","1,289
","500,047
",727,79%,--,--,18:01
Robert F. Wagner Jr. Secondary School for Arts & Technology,85%,87%,87%,"70,989
","1,584
","468,371
",627,78%,100%,71%,17:01
Robert H. Goddard High School of Communication Arts & Technology,95%,95%,87%,"66,377
","1,432
","484,302
",610,73%,100%,78%,17:01
Rockaway Collegiate High School,90%,75%,62%,"59,688
","1,241
","338,752
",358,77%,--,--,15:01
Rockaway Park High School for Environmental Sustainability,85%,85%,62%,"59,688
","1,241
","338,752
",314,86%,--,--,17:01
Rocky Point High School,97%,96%,98%,"94,589
","1,418
","293,800
","1,042",25%,85%,77%,16:01
Roosevelt High School Early College Studies,92%,92%,87%,"62,399
","1,292
","380,100
",884,78%,80%,70%,14:01
Rosa L. Parks School of Fine & Performing Arts,44%,8%,95%,"36,106
","1,149
","235,500
",274,66%,82%,45%,9:01
Roselle Park High School,53%,17%,95%,"67,300
","1,183
","277,900
",624,42%,86%,71%,12:01
Roslyn High School,99%,98%,98%,"105,744
","1,663
","460,700
","1,053",14%,85%,69%,12:01
Roxbury High School,35%,29%,93%,"131,739
","1,610
","391,500
","1,325",12%,92%,75%,10:01
Rumson Fair Haven Regional High School,48%,27%,97%,"158,229
","2,591
","1,048,500
",981,0%,100%,83%,12:01
Rutherford High School,57%,33%,92%,"93,787
","1,383
","446,500
",729,1%,77%,77%,11:01
Rye High School,99%,99%,97%,"172,422
","2,137
","1,094,500
","1,008",3%,100%,86%,15:01
Rye Neck Senior High School,95%,95%,95%,"89,968
","1,444
","513,300
",468,15%,75%,75%,19:01
Sachem High School East,97%,96%,95%,"92,838
","1,646
","379,400
","2,335",22%,73%,76%,16:01
Sachem High School North,98%,97%,95%,"89,410
","1,444
","344,300
","2,197",25%,84%,81%,17:01
Saddle Brook Middle/High School,55%,28%,92%,"94,177
","1,442
","366,500
",776,18%,83%,50%,12:01
Sanford H. Calhoun High School,99%,97%,98%,"147,572
","2,087
","543,400
","1,255",10%,89%,79%,14:01
Satellite Academy High School,85%,47%,12%,"111,665
","2,074
","883,503
",246,80%,--,--,19:01
Saunders Trades & Technical High School,97%,99%,97%,"62,399
","1,292
","380,100
","1,137",76%,71%,86%,14:01
Sayreville War Memorial High School,39%,20%,90%,"79,620
","1,222
","293,200
","1,679",36%,74%,59%,13:01
Sayville High School,99%,99%,98%,"95,938
","1,621
","367,900
",948,13%,78%,89%,12:01
Scarsdale Senior High School,99%,99%,99%,"250,001
","3,087
","1,337,800
","1,517",0%,100%,60%,12:01
Scholars' Academy,92%,95%,95%,"59,688
","1,241
","338,752
","1,351",47%,97%,91%,20:01
School of Architecture & Construction Trades,5%,1%,82%,"36,106
","1,149
","235,500
",495,66%,--,--,9:01
School of Earth & Space Science,17%,5%,90%,"36,106
","1,149
","235,500
",190,70%,--,--,9:01
School of Health Science,49%,17%,95%,"36,106
","1,149
","235,500
",262,62%,--,--,8:01
School of Science Technology Engineering & Mathematics,21%,7%,87%,"36,106
","1,149
","235,500
",610,67%,--,--,15:01
School of the Future High School,75%,62%,87%,"115,095
","2,222
","688,305
",756,34%,89%,72%,15:01
Science Park High School,84%,75%,95%,"39,046
","1,036
","121,098
",805,70%,94%,64%,13:01
"Science Skills Center High School For Science, Technology & The Creative Arts",92%,82%,87%,"122,549
","2,666
","813,641
",536,82%,42%,17%,16:01
"Science, Technology & Research High School at Erasmus",73%,65%,95%,"53,785
","1,361
","444,315
",574,75%,62%,46%,19:01
Scotch Plains-Fanwood High School,71%,52%,96%,"132,292
","2,708
","433,100
","1,526",6%,88%,58%,13:01
Seaford Senior High School,95%,95%,95%,"123,177
","1,950
","449,800
",708,11%,86%,43%,11:01
Secaucus High School,50%,30%,95%,"99,883
","1,593
","426,000
",605,34%,100%,60%,12:01
Secondary School for Journalism,90%,85%,75%,"133,991
","2,301
","1,121,111
",246,78%,--,--,16:01
Sewanhaka High School,72%,75%,92%,"105,744
","1,663
","460,700
","1,612",46%,65%,60%,14:01
Shore Regional High School,61%,19%,92%,"100,000
","1,493
","412,300
",629,6%,100%,83%,11:01
Shoreham-Wading River High School,98%,95%,98%,"125,603
","2,515
","414,700
",822,5%,75%,71%,16:01
Sleepy Hollow High School,96%,99%,89%,"55,368
","1,439
","634,000
",817,55%,95%,86%,13:01
Smithtown High School - Western Campus,99%,99%,96%,"92,838
","1,646
","379,400
","1,667",7%,94%,90%,16:01
Smithtown High School East,99%,98%,97%,"102,868
","1,683
","445,000
","1,634",7%,83%,67%,16:01
Somers Senior High School,99%,98%,95%,"118,098
","2,011
","494,600
","1,095",9%,85%,69%,13:01
Somerset County Vocational Tech High School,59%,37%,92%,"114,738
","1,515
","470,400
",330,20%,--,--,5:01
Somerville High School,53%,33%,96%,"72,731
","1,342
","293,700
","1,134",17%,90%,80%,12:01
South Amboy Middle/High School,29%,16%,87%,"79,620
","1,222
","293,200
",448,43%,67%,50%,11:01
South Brunswick High School,56%,38%,96%,"113,815
","1,563
","410,000
","2,889",12%,76%,64%,15:01
South Plainfield High School,60%,33%,92%,"91,889
","1,691
","325,400
","1,016",29%,75%,50%,11:01
South River High School,45%,18%,87%,"62,332
","1,245
","289,300
",622,40%,65%,55%,12:01
South Side High School,99%,99%,98%,"105,444
","1,554
","615,100
","1,076",15%,83%,61%,11:01
Special Music School,95%,95%,_,"112,564
","1,857
","875,143
",314,18%,--,--,14:01
Spotswood High School,59%,32%,95%,"75,226
","934
","294,300
",721,12%,89%,89%,13:01
Spring Valley High School,89%,82%,71%,"43,434
","1,293
","278,600
","1,230",72%,38%,46%,14:01
Stamford Academy,25%,15%,32%,"102,746
","1,650
","424,951
",148,89%,--,--,11:01
Stamford High School,54%,27%,95%,"102,746
","1,650
","424,951
","1,765",55%,61%,55%,14:01
Staples High School,92%,78%,98%,"181,360
","1,836
","1,152,100
","1,853",4%,82%,68%,12:01
Staten Island Technical High School,99%,99%,99%,"93,479
","1,441
","539,760
","1,313",39%,97%,89%,23:01
Stratford High School,52%,26%,91%,"72,757
","1,224
","250,700
",920,48%,68%,53%,12:01
Stuyvesant High School,99%,99%,98%,"190,216
","3,084
","1,143,983
","3,368",45%,93%,80%,21:01
Success Academy Harlem 1,56%,80%,100%,"46,449
","1,126
","348,669
","1,156",77%,--,--,12:01
Suffern Senior High School,99%,97%,96%,"157,798
","1,715
","624,000
","1,433",23%,95%,90%,13:01
Summit Academy Charter School,90%,90%,85%,"33,861
","830
","269,732
",329,66%,--,--,9:01
Summit Senior High School,66%,71%,96%,"132,443
","1,743
","849,200
","1,239",16%,85%,75%,12:01
Sunset Park High School,92%,87%,67%,"48,608
","1,352
","651,843
","1,266",79%,71%,71%,12:01
Susan E. Wagner High School,96%,89%,85%,"76,244
","1,229
","460,200
","3,189",58%,88%,91%,20:01
Syosset Senior High School,99%,99%,99%,"105,744
","1,663
","460,700
","2,084",7%,90%,77%,10:01
TEAM Academy Charter School,46%,38%,82%,"38,753
","924
","160,478
","3,694",88%,100%,83%,14:01
Talent Unlimited High School,95%,95%,95%,"126,366
","2,116
","932,906
",492,49%,78%,70%,16:01
Tappan Zee High School,99%,96%,96%,"86,211
","933
","449,400
","1,061",14%,88%,88%,14:01
Teaneck Senior High School,59%,25%,89%,"106,411
","1,403
","389,000
","1,238",36%,81%,74%,10:01
Technology High School,81%,56%,95%,"36,086
","869
","212,430
",600,88%,92%,77%,11:01
Tenafly High School,67%,61%,99%,"153,906
","1,717
","785,200
","1,160",3%,78%,56%,11:01
"The Academy for Mathematics, Science & Engineering",90%,_,_,"83,714
","1,252
","338,800
",101,0%,100%,83%,16:01
The Beacon School,99%,95%,99%,"90,860
","2,060
","574,324
","1,291",24%,96%,83%,22:01
The Bridge Academy,27%,12%,90%,"44,841
","1,142
","170,300
",281,84%,--,--,18:01
The Brooklyn Academy of Global Finance,65%,55%,75%,"46,216
","1,269
","576,223
",107,69%,--,--,12:01
The Brooklyn Latin School,95%,95%,95%,"56,342
","1,522
","492,757
",725,57%,96%,78%,18:01
The Brooklyn School for Math and Research,90%,92%,85%,"47,307
","1,377
","364,192
",272,90%,--,--,15:01
The Celia Cruz Bronx High School Of Music,95%,95%,92%,"45,313
","1,248
","105,309
",427,86%,100%,100%,15:01
The Cinema School,95%,95%,87%,"40,352
","1,183
","147,380
",307,84%,71%,71%,15:01
The Facing History School,82%,_,72%,"90,860
","2,060
","574,324
",428,70%,80%,60%,13:01
The Global Learning Collaborative,82%,87%,82%,"112,564
","1,857
","875,143
",418,76%,100%,83%,16:01
The Heritage School,85%,75%,72%,"37,900
","956
","222,811
",323,93%,80%,20%,14:01
The High School Of Fashion Industries,99%,96%,95%,"111,665
","2,074
","883,503
","1,674",82%,78%,72%,17:01
The International High School at LaGuardia Community College,87%,62%,82%,"70,989
","1,584
","468,371
",530,45%,100%,80%,19:01
The Michael J. Petrides School,_,4,_,"126,581
","739
","867,500
","1,331",50%,89%,78%,16:01
The New Visions Charter High School for the Humanities,92%,87%,87%,"36,431
","999
","193,896
",538,83%,--,--,13:01
The Queens School of Inquiry,54%,59%,95%,"48,405
","1,289
","500,047
",574,62%,73%,60%,13:01
The Renaissance Charter School,_,3,_,"54,005
","1,457
","414,812
",548,77%,100%,78%,12:01
The School for Classics,85%,85%,62%,"34,801
","1,087
","312,088
",296,88%,80%,80%,14:01
The Urban Assembly School for Emergency Management,95%,92%,_,"27,178
","801
",,310,65%,--,--,14:01
The Urban Assembly School for Global Commerce,85%,85%,_,"37,900
","956
","222,811
",243,81%,--,--,10:01
The Urban Assembly School for Green Careers,87%,72%,62%,"112,564
","1,857
","875,143
",312,86%,--,--,12:01
Thomas A. Edison Career & Technical High School,98%,99%,93%,"57,926
","1,545
","391,413
","2,034",81%,79%,72%,18:01
Thomas Jefferson Arts Academy,23%,6%,76%,"45,186
","1,110
","268,700
","1,041",82%,68%,53%,11:01
Thornton High School,92%,92%,92%,"54,573
","1,291
","355,600
",762,74%,53%,53%,13:01
Toms River High School East,54%,24%,88%,"76,167
","1,379
","281,300
","1,341",22%,92%,79%,12:01
Toms River High School North,50%,25%,94%,"76,167
","1,379
","281,300
","2,151",24%,76%,62%,14:01
Toms River High School South,42%,19%,92%,"76,167
","1,379
","281,300
","1,390",28%,89%,89%,13:01
Tottenville High School,97%,93%,89%,"111,759
","798
","663,035
","3,856",31%,77%,81%,19:01
Townsend Harris High School,99%,99%,99%,"48,405
","1,289
","500,047
","1,109",54%,92%,85%,20:01
Transit Tech Career & Technical Education High School,95%,82%,75%,"34,801
","1,087
","312,088
",831,72%,--,--,13:01
Trumbull High School,87%,65%,98%,"115,346
","1,782
","394,600
","2,066",10%,83%,80%,13:01
Tuckahoe High School,95%,95%,92%,"116,014
","1,788
","606,400
",284,24%,100%,60%,17:01
UFT Charter School,87%,92%,72%,"52,782
","1,314
","623,900
",300,90%,--,--,14:01
Union City High School,48%,18%,85%,"43,424
","1,177
","296,200
","2,814",84%,91%,88%,16:01
Union County Magnet High School,99%,95%,95%,"117,765
","1,481
","481,500
",298,10%,83%,67%,13:01
Union County TEAMS Charter School,51%,25%,90%,"56,425
","1,170
","236,400
",394,61%,--,--,21:01
Union County Vocational-Technical High School,85%,68%,95%,"117,765
","1,481
","481,500
",424,18%,100%,95%,1:01
Union Senior High School,33%,15%,93%,"79,324
","1,447
","315,100
","2,171",41%,67%,59%,12:01
Union Square Academy for Health Sciences,92%,87%,92%,"115,095
","2,222
","688,305
",405,78%,86%,71%,14:01
Uniondale High School,95%,90%,82%,"76,157
","1,649
","337,900
","2,319",65%,60%,50%,14:01
Unity Center for Urban Technologies,90%,92%,87%,"123,307
","2,420
","878,421
",253,93%,--,--,18:01
University Heights High School,95%,85%,95%,"25,978
","913
","123,584
",468,91%,94%,89%,21:01
University Neighborhood High School,95%,95%,77%,"40,275
","965
","174,255
",393,90%,--,--,16:01
University Prep Charter High School,95%,95%,95%,"36,593
","1,133
","371,800
",404,78%,89%,89%,12:01
Urban Academy Laboratory High School,90%,_,45%,"126,366
","2,116
","932,906
",164,54%,--,--,11:01
Urban Action Academy,87%,77%,67%,"64,845
","1,371
","447,003
",300,77%,--,--,14:01
Urban Assembly Academy of Government & Law,87%,87%,82%,"40,275
","965
","174,255
",316,82%,--,--,13:01
Urban Assembly Gateway School for Technology,92%,92%,92%,"90,860
","2,060
","574,324
",466,55%,--,--,15:01
Urban Assembly Maker Academy,_,_,_,"27,178
","801
",,288,77%,--,--,15:01
Urban Assembly School for Applied Math & Science,38%,49%,87%,"26,673
","904
","61,624
",630,96%,80%,60%,13:01
Urban Assembly School for Collaborative Healthcare,_,_,_,"46,306
","1,365
","456,985
",215,75%,--,--,12:01
Urban Assembly School for Criminal Justice,61%,53%,92%,"41,251
","1,356
","772,948
",556,94%,100%,93%,13:01
Urban Assembly School for Law & Justice,95%,87%,95%,"122,549
","2,666
","813,641
",456,77%,83%,83%,15:01
Urban Assembly School for Media Studies,95%,92%,72%,"112,564
","1,857
","875,143
",396,79%,--,--,16:01
Urban Assembly School of Design & Construction,92%,92%,67%,"90,860
","2,060
","574,324
",381,80%,--,--,15:01
Valhalla High School,95%,95%,95%,"111,023
","1,482
","629,000
",499,15%,100%,86%,13:01
Valley Stream Central High School,99%,99%,96%,"105,744
","1,663
","460,700
",991,37%,76%,67%,17:01
Valley Stream North High School,74%,82%,97%,"105,744
","1,663
","460,700
","1,351",22%,60%,44%,13:01
Valley Stream South High School,83%,85%,97%,"105,744
","1,663
","460,700
","1,242",30%,71%,64%,14:01
Vanguard High School,95%,57%,72%,"126,366
","2,116
","932,906
",453,76%,90%,70%,14:01
Veritas Academy,92%,92%,_,"48,405
","1,289
","500,047
",535,77%,--,--,14:01
Verona High School,63%,38%,95%,"113,423
","1,432
","435,000
",658,0%,77%,46%,13:01
Village School,_,_,_,"105,744
","1,663
","460,700
",37,8%,--,--,6:01
Voyages Prep-South Queens,87%,77%,22%,"55,554
","1,291
","338,725
",246,82%,--,--,14:01
Voyages Preparatory,85%,75%,8%,"51,226
","1,489
","477,283
",180,72%,--,--,12:01
W. Tresper Clarke High School,99%,99%,95%,"111,250
","1,262
","439,200
",768,22%,92%,62%,15:01
Waldeigh Secondary School For The Performing & Visual Arts,67%,57%,67%,"46,449
","1,126
","348,669
",294,67%,100%,73%,8:01
Waldwick High School,68%,37%,95%,"115,591
","1,905
","434,000
",439,0%,80%,80%,10:01
Wall High School,52%,32%,95%,"74,861
","1,368
","408,500
","1,113",12%,86%,71%,9:01
Wallington Junior/Senior High School,51%,38%,95%,"62,648
","1,189
","351,900
",555,32%,0%,0%,14:01
Walt Whitman High School,98%,97%,93%,"82,077
","1,703
","356,900
","1,926",47%,92%,84%,14:01
Walter G. O'Connell Copiague High School,93%,95%,92%,"72,517
","1,650
","298,600
","1,566",68%,81%,73%,15:01
Walter Panas High School,_,_,_,"103,266
","1,436
","407,100
",908,19%,89%,82%,14:01
Wantagh Senior High School,98%,98%,99%,"136,214
","1,756
","479,400
",998,8%,100%,63%,13:01
Ward Melville Senior High School,97%,98%,98%,"89,594
","1,670
","332,200
","1,779",10%,87%,79%,13:01
Washington Heights Expeditionary Learning School,_,_,_,"46,179
","1,244
","93,654
",810,69%,100%,89%,15:01
Watchung Hills Regional High School,53%,29%,96%,"154,647
","1,538
","750,000
","2,053",2%,94%,67%,12:01
Wayne Hills High School,56%,41%,96%,"108,092
","1,551
","454,500
","1,297",7%,85%,85%,11:01
Wayne Valley High School,61%,38%,96%,"108,092
","1,551
","454,500
","1,294",10%,94%,82%,11:01
Weehawken High School,47%,24%,95%,"84,841
","1,386
","557,200
",551,40%,100%,89%,12:01
Wellington C. Mepham High School,98%,98%,96%,"125,736
","1,845
","457,900
","1,217",13%,90%,86%,15:01
West Babylon Senior High School,98%,94%,90%,"86,611
","1,694
","343,000
","1,280",40%,78%,78%,13:01
West Brooklyn Community High School,65%,65%,12%,"41,251
","1,356
","772,948
",162,65%,--,--,10:01
West Caldwell Technical School,42%,17%,90%,"105,931
","1,760
","476,100
",183,79%,80%,80%,6:01
West Essex High School,48%,33%,96%,"187,470
","887
","730,900
","1,119",4%,86%,81%,12:01
West Hempstead High School,95%,95%,94%,"107,986
","1,814
","428,000
",729,55%,83%,92%,14:01
West Islip Senior High School,99%,99%,97%,"111,687
","1,589
","407,300
","1,484",17%,91%,83%,12:01
West Morris Central High School,68%,52%,97%,"140,445
","1,491
","455,000
","1,298",1%,100%,82%,13:01
West Morris Mendham High School,65%,46%,97%,"145,284
","1,942
","640,100
","1,292",1%,88%,63%,13:01
West Orange High School,46%,24%,87%,"93,954
","1,450
","370,200
","1,907",47%,86%,61%,10:01
Westbury High School,92%,91%,85%,"163,958
","1,175
","1,729,800
","1,615",62%,69%,62%,20:01
Westchester Square Academy,87%,87%,77%,"57,034
","1,412
","394,418
",572,66%,--,--,16:01
Westfield Senior High School,69%,41%,98%,"159,923
","1,594
","725,100
","1,874",3%,89%,68%,12:01
Westhill High School,55%,34%,90%,"116,577
","1,375
","564,424
","2,138",49%,50%,72%,14:01
Westlake High School,95%,92%,95%,"111,023
","1,482
","629,000
",550,6%,92%,62%,11:01
Weston High School,92%,82%,99%,"219,868
","2,560
","878,600
",814,3%,92%,46%,12:01
Westwood Junior/Senior High School,_,_,_,"128,750
","2,283
","491,900
","1,065",9%,78%,78%,11:01
Wheatley School,92%,95%,95%,"163,958
","1,175
","1,729,800
",715,6%,100%,78%,10:01
Whippany Park High School,54%,32%,95%,"116,020
","1,980
","485,600
",703,4%,93%,87%,14:01
White Plains Senior High School,99%,93%,88%,"87,550
","1,687
","526,100
","2,071",38%,82%,72%,14:01
William Cullen Bryant High School,91%,91%,69%,"63,904
","1,570
","495,723
","2,323",80%,65%,55%,17:01
William Floyd High School,92%,92%,79%,"66,065
","1,787
","193,300
","2,682",56%,65%,76%,15:01
William L. Dickinson High School,31%,12%,78%,"54,401
","1,113
","277,125
","1,692",78%,35%,60%,11:01
Williamsburg Charter High School,91%,82%,82%,"56,342
","1,522
","492,757
",954,71%,80%,80%,13:01
Williamsburg High School for Architecture & Design,95%,95%,92%,"56,342
","1,522
","492,757
",569,83%,--,--,17:01
Williamsburg Preparatory School,95%,95%,92%,"56,342
","1,522
","492,757
",686,83%,87%,80%,17:01
Wilton High School,95%,77%,99%,"180,313
","2,415
","815,500
","1,331",2%,83%,72%,14:01
Wood-Ridge Junior/Senior High School,53%,25%,95%,"102,283
","1,686
","384,700
",599,23%,100%,50%,13:01
Woodbridge High School,25%,10%,90%,"80,540
","1,581
","273,600
","1,452",43%,83%,69%,11:01
Woodlands Senior High School,92%,92%,92%,"120,256
","1,721
","552,200
",481,56%,67%,67%,13:01
World Journalism Preparatory School,69%,55%,92%,"48,405
","1,289
","500,047
",565,54%,60%,30%,16:01
World View High School,87%,77%,"970
55 responses","45,313
","1,248
","105,309
",447,87%,--,--,14:01
Wyandanch Memorial High School,82%,77%,77%,"59,861
","1,635
","244,000
",680,62%,20%,60%,13:01
Yonkers High School,95%,97%,91%,"62,399
","1,292
","380,100
","1,197",73%,90%,79%,18:01
Yonkers Montessori Academy,_,3,_,"62,399
","1,292
","380,100
","1,374",60%,50%,50%,14:01
York Early College Academy,72%,74%,95%,"55,554
","1,291
","338,725
",623,76%,95%,90%,22:01
Yorktown High School,99%,99%,96%,"115,732
","1,418
","413,000
","1,217",9%,96%,75%,14:01
Young Women's Leadership School,76%,59%,95%,"37,900
","956
","222,811
",484,82%,100%,92%,15:01
Young Women's Leadership School of Brooklyn,57%,37%,95%,"56,342
","1,522
","492,757
",383,78%,86%,71%,14:01
Young Women's Leadership School of Queens,85%,69%,95%,"64,091
","1,447
","343,800
",562,80%,75%,67%,18:01
Young Women's Leadership School of the Bronx,51%,31%,_,"36,593
","1,133
","371,800
",388,87%,--,--,11:01
Young Womens Leadership School,79%,76%,95%,"63,904
","1,570
","495,723
",555,85%,100%,91%,17:01
Abraham Clark High School,30%,6%,87%,"52,480
","1,083
","206,700
",657,68%,60%,40%,11:01
Academy For Scholarship And Entrepreneurship,87%,82%,62%,"50,049
","1,312
","362,028
",371,80%,--,--,17:01
Academy for College Prep & Career Exploration - A College Board School,37%,32%,57%,"53,785
","1,361
","444,315
",397,81%,--,--,17:01
Academy for Environmental Leadership,77%,87%,77%,"47,307
","1,377
","364,192
",278,61%,--,--,12:01
Academy for Health Careers,92%,87%,77%,"45,374
","1,249
","500,277
",380,83%,60%,60%,15:01
Academy for Urban Leadership Charter School,31%,11%,95%,"50,883
","1,241
","246,700
",497,82%,--,--,12:01
Academy of Medical Technology - A College Board School,41%,35%,67%,"53,615
","1,356
","429,021
",620,75%,80%,80%,13:01
Acorn Community High School,87%,82%,67%,"45,374
","1,249
","500,277
",237,85%,57%,14%,13:01
Adm. W.F. Halsey Leadership Academy,14%,3%,62%,"45,186
","1,110
","268,700
","1,034",89%,55%,55%,12:01
"Archimedes Academy for Math, Science & Technology Applications",43%,27%,57%,"39,930
","1,035
","254,019
",674,81%,100%,100%,13:01
Arts & Media Preparatory Academy,85%,75%,65%,"49,544
","1,258
","395,858
",181,88%,--,--,12:01
Arturo A. Schomburg Satellite Academy Bronx,67%,55%,8%,"45,313
","1,248
","105,309
",118,79%,--,--,11:01
Asbury Park High School,20%,4%,72%,"39,324
","1,160
","335,500
",315,84%,--,--,8:01
Aspirations Diploma Plus High School,75%,65%,17%,"46,306
","1,365
","456,985
",185,75%,--,--,11:01
August Martin High School,92%,77%,37%,"55,554
","1,291
","338,725
",357,78%,--,--,14:01
Automotive High School,85%,85%,57%,"85,838
","1,984
","638,292
",319,88%,--,--,10:01
Barringer Academy of S.T.E.A.M.,7%,2%,74%,"34,069
","972
","105,449
",680,78%,--,--,12:01
Barringer High School,5%,2%,61%,"34,069
","972
","105,449
",542,71%,50%,50%,12:01
Bassick High School,12%,5%,59%,"44,841
","1,142
","170,300
",961,64%,58%,33%,14:01
Benjamin Franklin High School for Finance & Information Technology,_,_,_,"90,919
","710
","406,747
",308,77%,100%,67%,12:01
Bergen County Technical High School - Paramus,12%,5%,_,"105,114
","1,865
","574,600
",12,23%,--,--,1:01
Birchwood School,25%,25%,_,"140,185
","874
","483,800
",81,60%,--,--,6:01
Boys & Girls High School,87%,82%,57%,"46,216
","1,269
","576,223
",374,81%,88%,75%,15:01
Brentwood Freshman Center,_,_,_,"74,127
","1,348
","285,500
","1,186",80%,--,--,17:01
Bridgeport Military Academy,12%,5%,95%,"44,841
","1,142
","170,300
",329,49%,--,--,16:01
Bronx Academy Of Letters,33%,22%,52%,"22,588
","768
","62,728
",580,91%,83%,100%,12:01
Bronx Career & College Preparatory High School,75%,57%,42%,"25,978
","913
","123,584
",284,90%,--,--,11:01
Bronx Collaborative High School,67%,_,_,"45,313
","1,248
","105,309
",465,86%,--,--,13:01
Bronx Design & Construction Academy,82%,77%,62%,"27,069
","844
","141,216
",569,91%,--,--,14:01
Bronx Engineering & Technology Academy,87%,77%,77%,"36,431
","999
","193,896
",398,93%,57%,57%,16:01
Bronx Haven High School,55%,55%,12%,"27,069
","844
","141,216
",172,84%,--,--,13:01
Bronx High School for Writing & Communication Arts,82%,72%,72%,"44,345
","1,334
","279,027
",303,58%,43%,43%,14:01
Bronx High School for the Visual Arts,87%,82%,62%,"48,541
","1,337
","178,200
",464,76%,62%,62%,15:01
Bronx Lab School,87%,27%,67%,"44,345
","1,334
","279,027
",406,66%,50%,50%,12:01
Bronx Leadership Academy High School,72%,77%,62%,"26,673
","904
","61,624
",635,88%,60%,60%,20:01
Bronx Regional High School,55%,45%,5%,"36,593
","1,133
","371,800
",185,83%,--,--,14:01
Bronx School of Law & Finance,87%,82%,67%,"36,431
","999
","193,896
",379,85%,100%,67%,16:01
Bronx Studio School for Writers & Artists,40%,25%,62%,"25,978
","913
","123,584
",631,77%,100%,60%,15:01
Brooklyn Academy of Science & the Environment,87%,87%,77%,"45,374
","1,249
","500,277
",370,81%,44%,22%,16:01
Brooklyn Bridge Academy,75%,65%,17%,"64,845
","1,371
","447,003
",174,81%,--,--,12:01
Brooklyn Collegiate - A College Board School,82%,72%,67%,"45,374
","1,249
","500,277
",301,93%,--,--,15:01
Brooklyn Democracy Academy,65%,55%,17%,"24,359
","806
","178,528
",144,70%,--,--,11:01
Brooklyn High School For Law And Technology,92%,92%,77%,"47,307
","1,377
","364,192
",640,83%,--,--,18:01
Brooklyn High School for Leadership & Community,65%,45%,17%,"46,216
","1,269
","576,223
",148,95%,--,--,11:01
Brooklyn School for Global Studies,65%,45%,75%,"131,399
","2,285
","1,210,488
",190,90%,--,--,10:01
Brooklyn School for Music & Theater,87%,72%,87%,"45,374
","1,249
","500,277
",312,85%,57%,29%,14:01
Brownsville Academy High School,65%,65%,22%,"24,359
","806
","178,528
",140,79%,--,--,15:01
Bullard-Havens Technical High School,32%,12%,95%,"44,841
","1,142
","170,300
",780,57%,76%,59%,12:01
Bushwick Community High School,65%,55%,22%,"47,307
","1,377
","364,192
",193,56%,--,--,16:01
Bushwick Leaders' High School for Academic Excellence,85%,75%,77%,"47,307
","1,377
","364,192
",267,97%,--,--,10:01
Capital Preparatory Harbor School,37%,27%,_,"44,841
","1,142
","170,300
",254,61%,--,--,21:01
Central High School,14%,2%,75%,"28,217
","1,090
","169,684
",834,81%,90%,100%,11:01
Charter High School for Law & Social Justice,_,_,_,"25,003
","991
","45,338
",248,43%,--,--,21:01
Clara Barton High School,93%,85%,72%,"45,374
","1,249
","500,277
","1,178",81%,53%,42%,16:01
Claremont International High School,62%,62%,72%,"26,673
","904
","61,624
",359,63%,--,--,14:01
Cobble Hill School of American Studies,87%,87%,82%,"131,399
","2,285
","1,210,488
",587,86%,43%,29%,18:01
Community School for Social Justice,90%,_,72%,"22,588
","768
","62,728
",290,95%,--,--,13:01
Crotona International High School,72%,87%,42%,"25,309
","1,082
","117,055
",319,58%,--,--,16:01
Cultural Academy for the Arts & Sciences,82%,72%,62%,"49,544
","1,258
","395,858
",318,77%,--,--,13:01
DeWitt Clinton High School,77%,78%,48%,"45,313
","1,248
","105,309
","1,404",80%,56%,63%,16:01
Dr. Susan S. McKinney Secondary School of the Arts,42%,27%,67%,"63,805
","1,486
","576,631
",376,84%,67%,83%,12:01
EBC High School for Public Service,82%,77%,72%,"47,307
","1,377
","364,192
",500,94%,100%,80%,15:01
Eagle Academy for Young Men II,38%,57%,87%,"46,216
","1,269
","576,223
",623,79%,--,--,15:01
Eagle Academy for Young Men III,33%,28%,_,"75,809
","1,116
","407,139
",500,73%,--,--,13:01
Eagle Academy for Young Men of Newark,12%,8%,_,"41,675
","1,076
","220,867
",154,72%,--,--,9:01
East Bronx Academy for the Future,37%,32%,87%,"27,085
","982
","290,917
",650,89%,--,--,12:01
East Brooklyn Community High School,65%,55%,27%,"49,544
","1,258
","395,858
",174,76%,--,--,10:01
East Orange Campus High School,12%,1%,68%,"41,819
","1,046
","205,100
","1,325",56%,78%,67%,10:01
Eastern Suffolk BOCES,_,_,_,"72,083
","1,373
","315,300
",932,24%,--,--,10:01
Edward A. Reynolds West Side High School,67%,72%,17%,"112,564
","1,857
","875,143
",377,95%,--,--,11:01
El Puente Academy for Peace & Justice,85%,_,77%,"56,342
","1,522
","492,757
",244,75%,--,--,16:01
English Language Learners & International Support Preparatory Academy (ELLIS),45%,65%,27%,"36,431
","999
","193,896
",361,80%,--,--,20:01
Epic High School-South,_,_,_,"67,664
","1,407
","456,643
",258,71%,--,--,16:01
Equality Charter School,21%,24%,_,"49,271
","982
","18,193
",528,75%,--,--,12:01
Esperanza Prepatory Academy,37%,29%,72%,"37,900
","956
","222,811
",545,84%,--,--,12:01
Excellence Girls Charter School,95%,95%,_,"46,216
","1,269
","576,223
","1,334",65%,--,--,13:01
Forsythe Satellite Academy,75%,45%,17%,"40,275
","965
","174,255
",173,70%,--,--,22:01
Frederick Douglas Academy III Secondary School,87%,82%,62%,"26,673
","904
","61,624
",403,89%,43%,57%,15:01
Frederick Douglas Academy VI High School,72%,67%,67%,"53,615
","1,356
","429,021
",328,82%,--,--,16:01
Frederick Douglas Academy VII High School,90%,65%,57%,"24,359
","806
","178,528
",198,93%,--,--,14:01
Frederick Douglass Academy II Secondary School,57%,57%,65%,"46,449
","1,126
","348,669
",367,74%,--,--,13:01
Frederick Douglass Academy IV Secondary School,37%,37%,65%,"46,216
","1,269
","576,223
",67,81%,--,--,8:01
George Washington Carver High School for the Sciences,95%,87%,87%,"76,055
","1,429
","410,838
",483,76%,44%,44%,18:01
Great Futures Charter School,28%,4%,_,"142,714
","2,473
","520,059
",288,67%,--,--,10:01
Harding High School,17%,5%,63%,"44,841
","1,142
","170,300
",973,59%,36%,27%,14:01
Harlem Renaissance High School,65%,65%,17%,"37,900
","956
","222,811
",182,83%,--,--,13:01
Harrison High School,31%,6%,92%,"61,168
","1,337
","309,000
",709,82%,71%,43%,13:01
Hempstead High School,75%,70%,57%,"102,002
","1,554
","421,300
","2,442",59%,63%,50%,26:01:00
Henry Snyder High School,22%,8%,60%,"46,243
","1,080
","246,811
",685,74%,22%,44%,10:01
Hero High School,92%,82%,_,"22,588
","768
","62,728
",450,75%,--,--,15:01
High School for Civil Rights,72%,87%,62%,"34,801
","1,087
","312,088
",265,77%,--,--,20:01
High School for Excellence & Innovation,55%,75%,42%,"49,957
","1,275
","83,824
",191,93%,--,--,9:01
High School for Health Careers & Sciences,82%,77%,67%,"46,179
","1,244
","93,654
",461,97%,60%,20%,13:01
High School for Innovation in Advertising & Media (iAM),85%,92%,77%,"64,845
","1,371
","447,003
",275,71%,--,--,13:01
High School for Media & Communications,67%,62%,52%,"46,179
","1,244
","93,654
",402,95%,100%,83%,16:01
High School for Medical Professions,92%,87%,87%,"64,845
","1,371
","447,003
",421,95%,78%,44%,18:01
High School for Service & Learning at Erasmus,92%,95%,77%,"53,785
","1,361
","444,315
",354,73%,71%,57%,19:01
High School for Teaching & the Professions,77%,82%,67%,"45,313
","1,248
","105,309
",458,84%,100%,80%,14:01
High School for Violin & Dance,82%,72%,67%,"36,593
","1,133
","371,800
",272,93%,--,--,17:01
High School of Arts & Technology,82%,72%,67%,"112,564
","1,857
","875,143
",525,94%,--,--,16:01
High School of Contemporary Arts,87%,67%,62%,"44,345
","1,334
","279,027
",447,66%,--,--,19:01
High School of World Cultures,55%,62%,47%,"40,352
","1,183
","147,380
",415,97%,100%,80%,14:01
Hillside High School,38%,6%,88%,"65,717
","1,263
","239,700
",877,63%,40%,50%,11:01
Holcombe L. Rucker School of Community Research,65%,65%,62%,"25,978
","913
","123,584
",149,89%,60%,60%,12:01
Humanities & Arts Magnet High School,87%,82%,82%,"90,919
","710
","406,747
",457,85%,56%,78%,17:01
International Leadership Charter School,85%,85%,85%,"45,313
","1,248
","105,309
",367,84%,63%,0%,18:01
Inwood Academy for Leadership Charter School,16%,22%,_,"49,957
","1,275
","83,824
",811,64%,--,--,12:01
Irvington High School,24%,3%,73%,"39,734
","974
","181,900
","1,198",79%,47%,53%,11:01
It Takes a Village Academy,95%,95%,87%,"49,544
","1,258
","395,858
",700,70%,73%,64%,16:01
Jacqueline Kennedy-Onassis High School,87%,82%,67%,"105,244
","2,318
","977,562
",631,74%,85%,54%,17:01
James J. Ferris High School,29%,7%,81%,"97,293
","1,638
","518,292
","1,189",71%,44%,56%,10:01
John V. Lindsay Wildcat Academy Charter School,75%,42%,22%,"134,906
","2,794
","1,227,948
",494,85%,--,--,24:01:00
Jose Marti Freshman Academy,29%,14%,_,"43,424
","1,177
","296,200
",677,95%,--,--,13:01
Juan Morel Campos Secondary School,39%,33%,47%,"56,342
","1,522
","492,757
",557,72%,--,--,11:01
Keansburg High School,17%,4%,82%,"46,250
","1,069
","185,100
",365,74%,86%,57%,9:01
Kurt Hahn Expeditionary Learning School,87%,85%,72%,"49,544
","1,258
","395,858
",383,75%,--,--,14:01
Lakewood High School,27%,8%,76%,"44,708
","1,345
","425,700
","1,143",54%,33%,22%,11:01
Leadership Prep Bedford Stuyvesant Charter School,90%,90%,_,"46,216
","1,269
","576,223
","1,090",78%,--,--,18:01
Leadership Prep Ocean Hill Charter School,48%,78%,_,"24,359
","806
","178,528
","1,039",70%,--,--,12:01
Liberation Diploma Plus,75%,55%,12%,"31,125
","742
","154,429
",178,78%,--,--,17:01
Lincoln High School,27%,6%,64%,"47,524
","1,081
","288,205
",675,72%,40%,80%,9:01
Lyons Community School,32%,22%,67%,"56,342
","1,522
","492,757
",511,89%,--,--,10:01
Malcolm X Shabazz High School,14%,1%,62%,"27,390
","823
","162,719
",395,68%,60%,40%,9:01
Marion P. Thomas Charter School,_,4,_,"39,046
","1,036
","121,098
","1,337",90%,--,--,13:01
Massapequa High School - Ames Campus,_,_,_,"123,384
","2,065
","497,300
",544,11%,--,--,12:01
"Mathematics, Science Research & Technology Magnet High School",82%,77%,72%,"90,919
","710
","406,747
",386,83%,60%,73%,21:01
Memorial High School,34%,13%,79%,"50,477
","1,217
","316,200
","1,875",79%,79%,50%,13:01
Metropolitan Diploma Plus High School,85%,85%,22%,"24,359
","806
","178,528
",152,98%,--,--,12:01
Mott Hall High School,82%,82%,72%,"46,449
","1,126
","348,669
",345,91%,40%,40%,18:01
Mott Haven Village Prep High School,87%,72%,57%,"25,978
","913
","123,584
",386,96%,63%,63%,16:01
Mount Pleasant-Cottage School,15%,10%,_,"135,688
","1,813
","599,200
",105,97%,--,--,7:01
Mount Vernon High School,87%,75%,66%,"54,573
","1,291
","355,600
","1,378",68%,70%,70%,16:01
Murry Bergtraum High School for Business Careers,87%,72%,53%,"27,178
","801
",,387,79%,50%,42%,12:01
Nassau Boces,_,_,_,"161,163
","2,677
","811,800
",821,16%,--,--,11:01
Nelson Mandela High School,_,_,_,"46,216
","1,269
","576,223
",265,71%,--,--,16:01
New Brunswick High School,32%,8%,69%,"38,413
","1,395
","257,100
","1,858",48%,62%,33%,13:01
New Dawn Charter High School,65%,52%,12%,"86,903
","1,521
","784,216
",321,85%,--,--,20:01
New Visions Charter High School for the Humanities III,87%,87%,_,"56,820
","1,266
","539,092
",385,66%,--,--,12:01
Newark Prep Charter School,13%,1%,72%,"38,753
","924
","160,478
",429,100%,--,--,17:01
Newark Vocational High School,5%,5%,62%,"32,148
","1,065
","185,694
",173,69%,--,--,7:01
North Bergen High School,35%,6%,85%,"57,269
","1,300
","308,000
","2,252",69%,86%,61%,14:01
North Queens Community High School,75%,67%,5%,"65,488
","1,243
","383,128
",201,64%,--,--,16:01
Olympus Academy,75%,57%,12%,"64,845
","1,371
","447,003
",208,79%,--,--,13:01
Opportunity Charter School,85%,75%,55%,"46,449
","1,126
","348,669
",424,81%,100%,100%,9:01
Orange High School,26%,8%,91%,"38,645
","1,064
","222,800
",828,45%,35%,41%,10:01
Palisade Preparatory School,36%,24%,87%,"62,399
","1,292
","380,100
",747,83%,50%,50%,15:01
Passaic High School # 12,20%,7%,78%,"34,920
","1,145
","309,700
","3,031",100%,70%,55%,14:01
Pathways College Prep School,46%,32%,72%,"75,809
","1,116
","407,139
",611,77%,83%,67%,20:01
Perth Amboy High School,30%,10%,76%,"50,883
","1,241
","246,700
","2,089",89%,61%,50%,10:01
Plainfield High School,12%,2%,71%,"56,425
","1,170
","236,400
","1,599",73%,44%,31%,14:01
Platt Technical High School,52%,17%,95%,"86,496
","1,551
","302,200
",783,36%,80%,60%,13:01
Providing Urban Learners Success in Education High School,75%,55%,12%,"25,884
","999
","165,937
",193,84%,--,--,14:01
Queens Academy High School,67%,62%,12%,"48,405
","1,289
","500,047
",346,63%,--,--,17:01
Queens Preparatory Academy,87%,82%,72%,"76,055
","1,429
","410,838
",464,72%,56%,78%,17:01
Queens Satellite High School For Opportunity,85%,55%,5%,"55,554
","1,291
","338,725
",176,86%,--,--,16:01
Rensaissance Charter High School for Innovation,87%,52%,57%,"37,900
","956
","222,811
",458,69%,--,--,11:01
Research & Service High School,75%,57%,17%,"46,216
","1,269
","576,223
",231,78%,--,--,17:01
Rockland Boces,_,_,_,"112,554
","539
","542,800
",530,26%,--,--,15:01
Roosevelt High School,85%,78%,71%,"78,071
","1,766
","278,500
","1,012",42%,76%,47%,14:01
School for Democracy & Leadership,57%,47%,57%,"52,062
","1,277
","457,472
",222,80%,--,--,9:01
School for Excellence,77%,82%,57%,"25,978
","913
","123,584
",374,87%,--,--,16:01
School for Legal Studies,95%,82%,62%,"56,342
","1,522
","492,757
",417,88%,50%,50%,14:01
"School of Business, Technology, Marketing & Finance",7%,1%,82%,"36,106
","1,149
","235,500
",575,70%,--,--,11:01
School of Education & Training,9%,1%,82%,"36,106
","1,149
","235,500
",520,64%,--,--,12:01
School of Government & Public Administration at Eastside High School,12%,1%,87%,"36,106
","1,149
","235,500
",760,68%,--,--,13:01
School of Information Technology,8%,3%,87%,"36,106
","1,149
","235,500
",726,64%,80%,60%,13:01
Schuylerville Preparatory High School,85%,75%,_,"57,034
","1,412
","394,418
",348,79%,--,--,14:01
Slocum Skewes School,71%,58%,_,"66,690
","1,593
","447,300
",684,32%,--,--,9:01
South Bronx Preparatory - A College Board School,46%,37%,92%,"22,588
","768
","62,728
",650,96%,50%,50%,14:01
South Brooklyn Community High School,65%,55%,12%,"33,861
","830
","269,732
",160,79%,--,--,14:01
South Richmond High School - I.S./P.S. 25,_,_,_,"110,432
","757
","598,171
",437,70%,--,--,5:01
Spring Creek Community School,18%,10%,_,"34,801
","1,087
","312,088
",391,85%,--,--,13:01
T.A. Edison Career Tech Academy,14%,5%,77%,"45,186
","1,110
","268,700
",608,90%,--,--,10:01
Teachers Preparatory High School,52%,47%,67%,"24,359
","806
","178,528
",281,85%,45%,9%,13:01
The Academy of Information Technology,77%,47%,95%,"102,746
","1,650
","424,951
",666,42%,96%,92%,12:01
The Barack Obama Green Charter High School,37%,12%,82%,"71,895
","1,288
","269,600
",224,87%,50%,50%,14:01
The Bronx Preparatory Academy,82%,87%,67%,"50,049
","1,312
","362,028
",391,72%,--,--,15:01
"The Bronx School For Law, Government And Justice",61%,48%,82%,"26,529
","1,027
","95,938
",772,91%,47%,47%,14:01
The College Academy,62%,72%,57%,"46,179
","1,244
","93,654
",437,98%,--,--,18:01
The High School for Global Citizenship,65%,85%,65%,"45,374
","1,249
","500,277
",209,94%,100%,40%,15:01
"The Marie Curie School for Medicine, Nursing & Health Professions",92%,72%,72%,"45,313
","1,248
","105,309
",521,68%,79%,57%,16:01
The Maxine Greene High School for Imaginative Inquiry,92%,82%,67%,"112,564
","1,857
","875,143
",428,79%,--,--,16:01
The Metropolitan High School,82%,67%,57%,"45,313
","1,248
","105,309
",404,86%,80%,50%,12:01
The Metropolitan Soundview High School,87%,82%,72%,"40,352
","1,183
","147,380
",410,98%,--,--,12:01
The School for Human Rights,52%,47%,82%,"52,062
","1,277
","457,472
",353,85%,63%,50%,16:01
The Urban Assembly School of Music & Art at Waters Edge,90%,65%,82%,"122,549
","2,666
","813,641
",268,87%,--,--,20:01
Theatre Arts Production Company School,47%,40%,77%,"29,094
","1,155
","28,112
",624,70%,67%,0%,14:01
Thurgood Marshall Academy for Learning & Social Change,54%,37%,77%,"46,449
","1,126
","348,669
",558,71%,82%,65%,16:01
University Academy Charter High School,24%,8%,87%,"72,752
","1,655
","299,809
",428,73%,--,--,12:01
University High School,35%,12%,92%,"32,893
","1,069
","169,368
",554,76%,64%,64%,14:01
Urban Assembly Institute of Math & Science for Young Women,52%,37%,72%,"122,549
","2,666
","813,641
",483,83%,56%,33%,14:01
Urban Assembly School for Careers in Sports,87%,82%,72%,"26,529
","1,027
","95,938
",553,89%,83%,75%,15:01
Urban Assembly School of Business for Young Women,90%,75%,67%,"134,906
","2,794
","1,227,948
",270,81%,56%,11%,14:01
Urban Assembly for the Performing Arts,90%,77%,85%,"46,449
","1,126
","348,669
",331,88%,--,--,17:01
Urban Dove Team Charter School,55%,65%,22%,"46,216
","1,269
","576,223
",260,88%,--,--,12:01
Validus Preparatory Academy,82%,67%,72%,"26,673
","904
","61,624
",383,85%,88%,63%,17:01
Victory Collegiate High School,90%,75%,77%,"64,845
","1,371
","447,003
",329,74%,86%,100%,16:01
W.H. Maxwell Career & Technical Education High School,77%,87%,67%,"34,801
","1,087
","312,088
",439,92%,83%,33%,12:01
Weequahic High School,12%,5%,72%,"41,675
","1,076
","220,867
",258,75%,30%,50%,9:01
West Bronx Academy for the Future,46%,29%,87%,"25,309
","1,082
","117,055
",603,93%,50%,63%,13:01
Western Suffolk BOCES,_,_,_,"152,263
","1,916
","694,600
",473,33%,--,--,10:01
William E. Grady Career & Technical Education High School,87%,82%,47%,"38,620
","1,081
","309,222
",524,81%,80%,80%,15:01
Wings Academy,82%,77%,57%,"22,875
","974
","125,393
",466,84%,--,--,15:01
Women's Academy of Excellence,85%,75%,62%,"39,930
","1,035
","254,019
",296,93%,50%,44%,13:01
World Academy for Total Community Health,85%,75%,72%,"34,801
","1,087
","312,088
",236,88%,86%,57%,14:01
